{
"type": "FeatureCollection",
"name": "grid_final_scores",
"crs": { "type": "name", "properties": { "name": "urn:ogc:def:crs:EPSG::32643" } },
"features": [
{ "type": "Feature", "properties": { "cell_id": 3, "total_buildings": 11, "buildings_within_400m": 0, "accessibility_pct": 0.0, "avg_distance_m": 739.7, "ndvi_mean": 0.28444600007971937, "ndvi_min": 0.0, "ndvi_max": 0.59138423204421997, "ndvi_std": 0.20219666768559796 }, "geometry": { "type": "Polygon", "coordinates": [ [ [ 710000.0, 3161000.0 ], [ 710000.0, 3161500.0 ], [ 710500.0, 3161500.0 ], [ 710500.0, 3161000.0 ], [ 710000.0, 3161000.0 ] ] ] } },
{ "type": "Feature", "properties": { "cell_id": 4, "total_buildings": 19, "buildings_within_400m": 0, "accessibility_pct": 0.0, "avg_distance_m": 679.9, "ndvi_mean": 0.23077895806760204, "ndvi_min": 0.0, "ndvi_max": 0.55970513820648193, "ndvi_std": 0.18691450452281716 }, "geometry": { "type": "Polygon", "coordinates": [ [ [ 710000.0, 3161500.0 ], [ 710000.0, 3162000.0 ], [ 710500.0, 3162000.0 ], [ 710500.0, 3161500.0 ], [ 710000.0, 3161500.0 ] ] ] } },
{ "type": "Feature", "properties": { "cell_id": 5, "total_buildings": 27, "buildings_within_400m": 0, "accessibility_pct": 0.0, "avg_distance_m": 667.0, "ndvi_mean": 0.21842853156887754, "ndvi_min": 0.0, "ndvi_max": 0.50813007354736328, "ndvi_std": 0.15906426754175612 }, "geometry": { "type": "Polygon", "coordinates": [ [ [ 710000.0, 3162000.0 ], [ 710000.0, 3162500.0 ], [ 710500.0, 3162500.0 ], [ 710500.0, 3162000.0 ], [ 710000.0, 3162000.0 ] ] ] } },
{ "type": "Feature", "properties": { "cell_id": 6, "total_buildings": 38, "buildings_within_400m": 17, "accessibility_pct": 44.7, "avg_distance_m": 429.9, "ndvi_mean": 0.16782136878188775, "ndvi_min": 0.0, "ndvi_max": 0.46746030449867249, "ndvi_std": 0.12559773472241537 }, "geometry": { "type": "Polygon", "coordinates": [ [ [ 710000.0, 3162500.0 ], [ 710000.0, 3163000.0 ], [ 710500.0, 3163000.0 ], [ 710500.0, 3162500.0 ], [ 710000.0, 3162500.0 ] ] ] } },
{ "type": "Feature", "properties": { "cell_id": 7, "total_buildings": 71, "buildings_within_400m": 71, "accessibility_pct": 100.0, "avg_distance_m": 297.1, "ndvi_mean": 0.17545808753188777, "ndvi_min": 0.0, "ndvi_max": 0.4454803466796875, "ndvi_std": 0.12680472557111741 }, "geometry": { "type": "Polygon", "coordinates": [ [ [ 710000.0, 3163000.0 ], [ 710000.0, 3163500.0 ], [ 710500.0, 3163500.0 ], [ 710500.0, 3163000.0 ], [ 710000.0, 3163000.0 ] ] ] } },
{ "type": "Feature", "properties": { "cell_id": 8, "total_buildings": 69, "buildings_within_400m": 69, "accessibility_pct": 100.0, "avg_distance_m": 174.7, "ndvi_mean": 0.21604681521045918, "ndvi_min": 0.0, "ndvi_max": 0.4888775646686554, "ndvi_std": 0.14587791496625624 }, "geometry": { "type": "Polygon", "coordinates": [ [ [ 710000.0, 3163500.0 ], [ 710000.0, 3164000.0 ], [ 710500.0, 3164000.0 ], [ 710500.0, 3163500.0 ], [ 710000.0, 3163500.0 ] ] ] } },
{ "type": "Feature", "properties": { "cell_id": 9, "total_buildings": 42, "buildings_within_400m": 42, "accessibility_pct": 100.0, "avg_distance_m": 277.2, "ndvi_mean": 0.17518823740433673, "ndvi_min": 0.0, "ndvi_max": 0.44278261065483093, "ndvi_std": 0.13188861163157969 }, "geometry": { "type": "Polygon", "coordinates": [ [ [ 710000.0, 3164000.0 ], [ 710000.0, 3164500.0 ], [ 710500.0, 3164500.0 ], [ 710500.0, 3164000.0 ], [ 710000.0, 3164000.0 ] ] ] } },
{ "type": "Feature", "properties": { "cell_id": 10, "total_buildings": 61, "buildings_within_400m": 61, "accessibility_pct": 100.0, "avg_distance_m": 94.1, "ndvi_mean": 0.20481402961575254, "ndvi_min": 0.0, "ndvi_max": 0.47652915120124817, "ndvi_std": 0.1395177216837741 }, "geometry": { "type": "Polygon", "coordinates": [ [ [ 710000.0, 3164500.0 ], [ 710000.0, 3165000.0 ], [ 710500.0, 3165000.0 ], [ 710500.0, 3164500.0 ], [ 710000.0, 3164500.0 ] ] ] } },
{ "type": "Feature", "properties": { "cell_id": 11, "total_buildings": 40, "buildings_within_400m": 24, "accessibility_pct": 60.0, "avg_distance_m": 345.8, "ndvi_mean": 0.19916825275031888, "ndvi_min": 0.0, "ndvi_max": 0.42379802465438843, "ndvi_std": 0.13331085848651761 }, "geometry": { "type": "Polygon", "coordinates": [ [ [ 710000.0, 3165000.0 ], [ 710000.0, 3165500.0 ], [ 710500.0, 3165500.0 ], [ 710500.0, 3165000.0 ], [ 710000.0, 3165000.0 ] ] ] } },
{ "type": "Feature", "properties": { "cell_id": 12, "total_buildings": 22, "buildings_within_400m": 0, "accessibility_pct": 0.0, "avg_distance_m": 732.3, "ndvi_mean": 0.16447440011160713, "ndvi_min": 0.0, "ndvi_max": 0.38219493627548218, "ndvi_std": 0.1162983698304787 }, "geometry": { "type": "Polygon", "coordinates": [ [ [ 710000.0, 3165500.0 ], [ 710000.0, 3166000.0 ], [ 710500.0, 3166000.0 ], [ 710500.0, 3165500.0 ], [ 710000.0, 3165500.0 ] ] ] } },
{ "type": "Feature", "properties": { "cell_id": 13, "total_buildings": 8, "buildings_within_400m": 0, "accessibility_pct": 0.0, "avg_distance_m": 894.0, "ndvi_mean": 0.23319664779974489, "ndvi_min": 0.0, "ndvi_max": 0.45246714353561401, "ndvi_std": 0.16004889921764912 }, "geometry": { "type": "Polygon", "coordinates": [ [ [ 710000.0, 3166000.0 ], [ 710000.0, 3166500.0 ], [ 710500.0, 3166500.0 ], [ 710500.0, 3166000.0 ], [ 710000.0, 3166000.0 ] ] ] } },
{ "type": "Feature", "properties": { "cell_id": 14, "total_buildings": 8, "buildings_within_400m": 0, "accessibility_pct": 0.0, "avg_distance_m": 1109.3, "ndvi_mean": 0.27529187260841836, "ndvi_min": 0.0, "ndvi_max": 0.48902547359466553, "ndvi_std": 0.1732995456866801 }, "geometry": { "type": "Polygon", "coordinates": [ [ [ 710000.0, 3166500.0 ], [ 710000.0, 3167000.0 ], [ 710500.0, 3167000.0 ], [ 710500.0, 3166500.0 ], [ 710000.0, 3166500.0 ] ] ] } },
{ "type": "Feature", "properties": { "cell_id": 15, "total_buildings": 6, "buildings_within_400m": 0, "accessibility_pct": 0.0, "avg_distance_m": 1150.6, "ndvi_mean": 0.21447215800382652, "ndvi_min": 0.0, "ndvi_max": 0.47621464729309082, "ndvi_std": 0.14666943481505249 }, "geometry": { "type": "Polygon", "coordinates": [ [ [ 710000.0, 3167000.0 ], [ 710000.0, 3167500.0 ], [ 710500.0, 3167500.0 ], [ 710500.0, 3167000.0 ], [ 710000.0, 3167000.0 ] ] ] } },
{ "type": "Feature", "properties": { "cell_id": 17, "total_buildings": 37, "buildings_within_400m": 0, "accessibility_pct": 0.0, "avg_distance_m": 861.3, "ndvi_mean": 0.17829696966677297, "ndvi_min": 0.0, "ndvi_max": 0.4520590603351593, "ndvi_std": 0.12735515336337874 }, "geometry": { "type": "Polygon", "coordinates": [ [ [ 710000.0, 3168000.0 ], [ 710000.0, 3168500.0 ], [ 710500.0, 3168500.0 ], [ 710500.0, 3168000.0 ], [ 710000.0, 3168000.0 ] ] ] } },
{ "type": "Feature", "properties": { "cell_id": 18, "total_buildings": 54, "buildings_within_400m": 0, "accessibility_pct": 0.0, "avg_distance_m": 1022.2, "ndvi_mean": 0.14930282904177297, "ndvi_min": 0.0, "ndvi_max": 0.39341863989830017, "ndvi_std": 0.11529039140701924 }, "geometry": { "type": "Polygon", "coordinates": [ [ [ 710000.0, 3168500.0 ], [ 710000.0, 3169000.0 ], [ 710500.0, 3169000.0 ], [ 710500.0, 3168500.0 ], [ 710000.0, 3168500.0 ] ] ] } },
{ "type": "Feature", "properties": { "cell_id": 19, "total_buildings": 45, "buildings_within_400m": 0, "accessibility_pct": 0.0, "avg_distance_m": 1270.4, "ndvi_mean": 0.14704878826530612, "ndvi_min": 0.0, "ndvi_max": 0.43436035513877869, "ndvi_std": 0.10777959603682925 }, "geometry": { "type": "Polygon", "coordinates": [ [ [ 710000.0, 3169000.0 ], [ 710000.0, 3169500.0 ], [ 710500.0, 3169500.0 ], [ 710500.0, 3169000.0 ], [ 710000.0, 3169000.0 ] ] ] } },
{ "type": "Feature", "properties": { "cell_id": 20, "total_buildings": 2, "buildings_within_400m": 0, "accessibility_pct": 0.0, "avg_distance_m": 867.9, "ndvi_mean": 0.10124204051737883, "ndvi_min": 0.0, "ndvi_max": 0.41743969917297363, "ndvi_std": 0.077292141870315606 }, "geometry": { "type": "Polygon", "coordinates": [ [ [ 710000.0, 3169500.0 ], [ 710000.0, 3170000.0 ], [ 710500.0, 3170000.0 ], [ 710500.0, 3169500.0 ], [ 710000.0, 3169500.0 ] ] ] } },
{ "type": "Feature", "properties": { "cell_id": 21, "total_buildings": 3, "buildings_within_400m": 1, "accessibility_pct": 33.3, "avg_distance_m": 367.5, "ndvi_mean": 0.11626066246811224, "ndvi_min": -0.015701668336987495, "ndvi_max": 0.44697833061218262, "ndvi_std": 0.083852207132171078 }, "geometry": { "type": "Polygon", "coordinates": [ [ [ 710000.0, 3170000.0 ], [ 710000.0, 3170500.0 ], [ 710500.0, 3170500.0 ], [ 710500.0, 3170000.0 ], [ 710000.0, 3170000.0 ] ] ] } },
{ "type": "Feature", "properties": { "cell_id": 22, "total_buildings": 10, "buildings_within_400m": 10, "accessibility_pct": 100.0, "avg_distance_m": 198.8, "ndvi_mean": 0.16867482710857781, "ndvi_min": 0.0, "ndvi_max": 0.43326810002326965, "ndvi_std": 0.12217262923522564 }, "geometry": { "type": "Polygon", "coordinates": [ [ [ 710000.0, 3170500.0 ], [ 710000.0, 3171000.0 ], [ 710500.0, 3171000.0 ], [ 710500.0, 3170500.0 ], [ 710000.0, 3170500.0 ] ] ] } },
{ "type": "Feature", "properties": { "cell_id": 23, "total_buildings": 24, "buildings_within_400m": 24, "accessibility_pct": 100.0, "avg_distance_m": 125.1, "ndvi_mean": 0.067317014846958415, "ndvi_min": 0.0, "ndvi_max": 0.41542091965675354, "ndvi_std": 0.098479186708159333 }, "geometry": { "type": "Polygon", "coordinates": [ [ [ 710000.0, 3171000.0 ], [ 710000.0, 3171500.0 ], [ 710500.0, 3171500.0 ], [ 710500.0, 3171000.0 ], [ 710000.0, 3171000.0 ] ] ] } },
{ "type": "Feature", "properties": { "cell_id": 24, "total_buildings": 88, "buildings_within_400m": 1, "accessibility_pct": 1.1, "avg_distance_m": 539.1, "ndvi_mean": 0.33463214485012754, "ndvi_min": 0.0, "ndvi_max": 0.52509653568267822, "ndvi_std": 0.14827409217285564 }, "geometry": { "type": "Polygon", "coordinates": [ [ [ 710500.0, 3160000.0 ], [ 710500.0, 3160500.0 ], [ 711000.0, 3160500.0 ], [ 711000.0, 3160000.0 ], [ 710500.0, 3160000.0 ] ] ] } },
{ "type": "Feature", "properties": { "cell_id": 25, "total_buildings": 90, "buildings_within_400m": 9, "accessibility_pct": 10.0, "avg_distance_m": 508.9, "ndvi_mean": 0.34643972167968751, "ndvi_min": 0.021109122782945633, "ndvi_max": 0.53435623645782471, "ndvi_std": 0.13720714234344222 }, "geometry": { "type": "Polygon", "coordinates": [ [ [ 710500.0, 3160500.0 ], [ 710500.0, 3161000.0 ], [ 711000.0, 3161000.0 ], [ 711000.0, 3160500.0 ], [ 710500.0, 3160500.0 ] ] ] } },
{ "type": "Feature", "properties": { "cell_id": 26, "total_buildings": 143, "buildings_within_400m": 50, "accessibility_pct": 35.0, "avg_distance_m": 454.8, "ndvi_mean": 0.23643864746093751, "ndvi_min": 0.016323024407029152, "ndvi_max": 0.53353804349899292, "ndvi_std": 0.11536583257666795 }, "geometry": { "type": "Polygon", "coordinates": [ [ [ 710500.0, 3161000.0 ], [ 710500.0, 3161500.0 ], [ 711000.0, 3161500.0 ], [ 711000.0, 3161000.0 ], [ 710500.0, 3161000.0 ] ] ] } },
{ "type": "Feature", "properties": { "cell_id": 27, "total_buildings": 98, "buildings_within_400m": 88, "accessibility_pct": 89.8, "avg_distance_m": 270.0, "ndvi_mean": 0.32035979003906251, "ndvi_min": -0.007042253389954567, "ndvi_max": 0.54429507255554199, "ndvi_std": 0.1368752606848832 }, "geometry": { "type": "Polygon", "coordinates": [ [ [ 710500.0, 3161500.0 ], [ 710500.0, 3162000.0 ], [ 711000.0, 3162000.0 ], [ 711000.0, 3161500.0 ], [ 710500.0, 3161500.0 ] ] ] } },
{ "type": "Feature", "properties": { "cell_id": 28, "total_buildings": 24, "buildings_within_400m": 6, "accessibility_pct": 25.0, "avg_distance_m": 415.0, "ndvi_mean": 0.39698693847656252, "ndvi_min": 0.042253520339727402, "ndvi_max": 0.58668196201324463, "ndvi_std": 0.12166869710428942 }, "geometry": { "type": "Polygon", "coordinates": [ [ [ 710500.0, 3162000.0 ], [ 710500.0, 3162500.0 ], [ 711000.0, 3162500.0 ], [ 711000.0, 3162000.0 ], [ 710500.0, 3162000.0 ] ] ] } },
{ "type": "Feature", "properties": { "cell_id": 29, "total_buildings": 75, "buildings_within_400m": 4, "accessibility_pct": 5.3, "avg_distance_m": 544.8, "ndvi_mean": 0.287489501953125, "ndvi_min": 0.052576784044504166, "ndvi_max": 0.54700422286987305, "ndvi_std": 0.10196898105719059 }, "geometry": { "type": "Polygon", "coordinates": [ [ [ 710500.0, 3162500.0 ], [ 710500.0, 3163000.0 ], [ 711000.0, 3163000.0 ], [ 711000.0, 3162500.0 ], [ 710500.0, 3162500.0 ] ] ] } },
{ "type": "Feature", "properties": { "cell_id": 30, "total_buildings": 115, "buildings_within_400m": 48, "accessibility_pct": 41.7, "avg_distance_m": 449.1, "ndvi_mean": 0.274315869140625, "ndvi_min": 0.014210312627255917, "ndvi_max": 0.45814308524131775, "ndvi_std": 0.085173632127806265 }, "geometry": { "type": "Polygon", "coordinates": [ [ [ 710500.0, 3163000.0 ], [ 710500.0, 3163500.0 ], [ 711000.0, 3163500.0 ], [ 711000.0, 3163000.0 ], [ 710500.0, 3163000.0 ] ] ] } },
{ "type": "Feature", "properties": { "cell_id": 31, "total_buildings": 85, "buildings_within_400m": 85, "accessibility_pct": 100.0, "avg_distance_m": 163.8, "ndvi_mean": 0.25726621093750002, "ndvi_min": 0.016393441706895828, "ndvi_max": 0.47762525081634521, "ndvi_std": 0.094910703701392249 }, "geometry": { "type": "Polygon", "coordinates": [ [ [ 710500.0, 3163500.0 ], [ 710500.0, 3164000.0 ], [ 711000.0, 3164000.0 ], [ 711000.0, 3163500.0 ], [ 710500.0, 3163500.0 ] ] ] } },
{ "type": "Feature", "properties": { "cell_id": 32, "total_buildings": 104, "buildings_within_400m": 104, "accessibility_pct": 100.0, "avg_distance_m": 184.3, "ndvi_mean": 0.242980419921875, "ndvi_min": -0.0066570187918841839, "ndvi_max": 0.50752538442611694, "ndvi_std": 0.1094260909121947 }, "geometry": { "type": "Polygon", "coordinates": [ [ [ 710500.0, 3164000.0 ], [ 710500.0, 3164500.0 ], [ 711000.0, 3164500.0 ], [ 711000.0, 3164000.0 ], [ 710500.0, 3164000.0 ] ] ] } },
{ "type": "Feature", "properties": { "cell_id": 33, "total_buildings": 65, "buildings_within_400m": 65, "accessibility_pct": 100.0, "avg_distance_m": 121.4, "ndvi_mean": 0.260531201171875, "ndvi_min": 0.032869786024093628, "ndvi_max": 0.49715313315391541, "ndvi_std": 0.081585969230159677 }, "geometry": { "type": "Polygon", "coordinates": [ [ [ 710500.0, 3164500.0 ], [ 710500.0, 3165000.0 ], [ 711000.0, 3165000.0 ], [ 711000.0, 3164500.0 ], [ 710500.0, 3164500.0 ] ] ] } },
{ "type": "Feature", "properties": { "cell_id": 34, "total_buildings": 70, "buildings_within_400m": 21, "accessibility_pct": 30.0, "avg_distance_m": 457.3, "ndvi_mean": 0.30260639648437498, "ndvi_min": 0.068661972880363464, "ndvi_max": 0.47839045524597168, "ndvi_std": 0.068904139466815589 }, "geometry": { "type": "Polygon", "coordinates": [ [ [ 710500.0, 3165000.0 ], [ 710500.0, 3165500.0 ], [ 711000.0, 3165500.0 ], [ 711000.0, 3165000.0 ], [ 710500.0, 3165000.0 ] ] ] } },
{ "type": "Feature", "properties": { "cell_id": 35, "total_buildings": 40, "buildings_within_400m": 0, "accessibility_pct": 0.0, "avg_distance_m": 831.0, "ndvi_mean": 0.26582036132812498, "ndvi_min": 0.032954040914773941, "ndvi_max": 0.47275030612945557, "ndvi_std": 0.090970741491820939 }, "geometry": { "type": "Polygon", "coordinates": [ [ [ 710500.0, 3165500.0 ], [ 710500.0, 3166000.0 ], [ 711000.0, 3166000.0 ], [ 711000.0, 3165500.0 ], [ 710500.0, 3165500.0 ] ] ] } },
{ "type": "Feature", "properties": { "cell_id": 36, "total_buildings": 34, "buildings_within_400m": 0, "accessibility_pct": 0.0, "avg_distance_m": 1185.9, "ndvi_mean": 0.32799323730468749, "ndvi_min": 0.01690140925347805, "ndvi_max": 0.47468820214271545, "ndvi_std": 0.098413567945632385 }, "geometry": { "type": "Polygon", "coordinates": [ [ [ 710500.0, 3166000.0 ], [ 710500.0, 3166500.0 ], [ 711000.0, 3166500.0 ], [ 711000.0, 3166000.0 ], [ 710500.0, 3166000.0 ] ] ] } },
{ "type": "Feature", "properties": { "cell_id": 39, "total_buildings": 23, "buildings_within_400m": 0, "accessibility_pct": 0.0, "avg_distance_m": 1441.6, "ndvi_mean": 0.30185119628906248, "ndvi_min": 0.03345070406794548, "ndvi_max": 0.47118180990219116, "ndvi_std": 0.075829318513431637 }, "geometry": { "type": "Polygon", "coordinates": [ [ [ 710500.0, 3167500.0 ], [ 710500.0, 3168000.0 ], [ 711000.0, 3168000.0 ], [ 711000.0, 3167500.0 ], [ 710500.0, 3167500.0 ] ] ] } },
{ "type": "Feature", "properties": { "cell_id": 40, "total_buildings": 50, "buildings_within_400m": 0, "accessibility_pct": 0.0, "avg_distance_m": 1344.5, "ndvi_mean": 0.27097666015624999, "ndvi_min": 0.014699705876410007, "ndvi_max": 0.46531057357788086, "ndvi_std": 0.11911320948634224 }, "geometry": { "type": "Polygon", "coordinates": [ [ [ 710500.0, 3168000.0 ], [ 710500.0, 3168500.0 ], [ 711000.0, 3168500.0 ], [ 711000.0, 3168000.0 ], [ 710500.0, 3168000.0 ] ] ] } },
{ "type": "Feature", "properties": { "cell_id": 41, "total_buildings": 36, "buildings_within_400m": 0, "accessibility_pct": 0.0, "avg_distance_m": 1269.2, "ndvi_mean": 0.26185881347656248, "ndvi_min": 0.061538461595773697, "ndvi_max": 0.46534654498100281, "ndvi_std": 0.0930986291656552 }, "geometry": { "type": "Polygon", "coordinates": [ [ [ 710500.0, 3168500.0 ], [ 710500.0, 3169000.0 ], [ 711000.0, 3169000.0 ], [ 711000.0, 3168500.0 ], [ 710500.0, 3168500.0 ] ] ] } },
{ "type": "Feature", "properties": { "cell_id": 42, "total_buildings": 27, "buildings_within_400m": 0, "accessibility_pct": 0.0, "avg_distance_m": 1193.1, "ndvi_mean": 0.21307441406249999, "ndvi_min": 0.030350808054208755, "ndvi_max": 0.48577547073364258, "ndvi_std": 0.093194035535709097 }, "geometry": { "type": "Polygon", "coordinates": [ [ [ 710500.0, 3169000.0 ], [ 710500.0, 3169500.0 ], [ 711000.0, 3169500.0 ], [ 711000.0, 3169000.0 ], [ 710500.0, 3169000.0 ] ] ] } },
{ "type": "Feature", "properties": { "cell_id": 43, "total_buildings": 17, "buildings_within_400m": 0, "accessibility_pct": 0.0, "avg_distance_m": 909.1, "ndvi_mean": 0.1616739501953125, "ndvi_min": 0.032851509749889374, "ndvi_max": 0.41101559996604919, "ndvi_std": 0.071329447119169706 }, "geometry": { "type": "Polygon", "coordinates": [ [ [ 710500.0, 3169500.0 ], [ 710500.0, 3170000.0 ], [ 711000.0, 3170000.0 ], [ 711000.0, 3169500.0 ], [ 710500.0, 3169500.0 ] ] ] } },
{ "type": "Feature", "properties": { "cell_id": 44, "total_buildings": 21, "buildings_within_400m": 8, "accessibility_pct": 38.1, "avg_distance_m": 470.5, "ndvi_mean": 0.19776079101562499, "ndvi_min": 0.069514840841293335, "ndvi_max": 0.47978204488754272, "ndvi_std": 0.091714486034042725 }, "geometry": { "type": "Polygon", "coordinates": [ [ [ 710500.0, 3170000.0 ], [ 710500.0, 3170500.0 ], [ 711000.0, 3170500.0 ], [ 711000.0, 3170000.0 ], [ 710500.0, 3170000.0 ] ] ] } },
{ "type": "Feature", "properties": { "cell_id": 45, "total_buildings": 153, "buildings_within_400m": 153, "accessibility_pct": 100.0, "avg_distance_m": 146.4, "ndvi_mean": 0.211219580078125, "ndvi_min": 0.019273867830634117, "ndvi_max": 0.44268238544464111, "ndvi_std": 0.07710089766697252 }, "geometry": { "type": "Polygon", "coordinates": [ [ [ 710500.0, 3170500.0 ], [ 710500.0, 3171000.0 ], [ 711000.0, 3171000.0 ], [ 711000.0, 3170500.0 ], [ 710500.0, 3170500.0 ] ] ] } },
{ "type": "Feature", "properties": { "cell_id": 46, "total_buildings": 43, "buildings_within_400m": 43, "accessibility_pct": 100.0, "avg_distance_m": 135.3, "ndvi_mean": 0.10711318658322704, "ndvi_min": 0.0, "ndvi_max": 0.40253564715385437, "ndvi_std": 0.1115693131585163 }, "geometry": { "type": "Polygon", "coordinates": [ [ [ 710500.0, 3171000.0 ], [ 710500.0, 3171500.0 ], [ 711000.0, 3171500.0 ], [ 711000.0, 3171000.0 ], [ 710500.0, 3171000.0 ] ] ] } },
{ "type": "Feature", "properties": { "cell_id": 47, "total_buildings": 24, "buildings_within_400m": 19, "accessibility_pct": 79.2, "avg_distance_m": 225.3, "ndvi_mean": 0.34505660076530614, "ndvi_min": 0.0, "ndvi_max": 0.5206066370010376, "ndvi_std": 0.096877709955389454 }, "geometry": { "type": "Polygon", "coordinates": [ [ [ 711000.0, 3160000.0 ], [ 711000.0, 3160500.0 ], [ 711500.0, 3160500.0 ], [ 711500.0, 3160000.0 ], [ 711000.0, 3160000.0 ] ] ] } },
{ "type": "Feature", "properties": { "cell_id": 48, "total_buildings": 78, "buildings_within_400m": 62, "accessibility_pct": 79.5, "avg_distance_m": 285.4, "ndvi_mean": 0.24636315917968751, "ndvi_min": 0.023180155083537102, "ndvi_max": 0.51921826601028442, "ndvi_std": 0.12041613139956288 }, "geometry": { "type": "Polygon", "coordinates": [ [ [ 711000.0, 3160500.0 ], [ 711000.0, 3161000.0 ], [ 711500.0, 3161000.0 ], [ 711500.0, 3160500.0 ], [ 711000.0, 3160500.0 ] ] ] } },
{ "type": "Feature", "properties": { "cell_id": 49, "total_buildings": 118, "buildings_within_400m": 118, "accessibility_pct": 100.0, "avg_distance_m": 70.6, "ndvi_mean": 0.19420551757812499, "ndvi_min": -0.02021089568734169, "ndvi_max": 0.52270001173019409, "ndvi_std": 0.10850581661226912 }, "geometry": { "type": "Polygon", "coordinates": [ [ [ 711000.0, 3161000.0 ], [ 711000.0, 3161500.0 ], [ 711500.0, 3161500.0 ], [ 711500.0, 3161000.0 ], [ 711000.0, 3161000.0 ] ] ] } },
{ "type": "Feature", "properties": { "cell_id": 50, "total_buildings": 174, "buildings_within_400m": 174, "accessibility_pct": 100.0, "avg_distance_m": 79.2, "ndvi_mean": 0.19078822021484376, "ndvi_min": 0.012181616388261318, "ndvi_max": 0.43850266933441162, "ndvi_std": 0.095990181537153121 }, "geometry": { "type": "Polygon", "coordinates": [ [ [ 711000.0, 3161500.0 ], [ 711000.0, 3162000.0 ], [ 711500.0, 3162000.0 ], [ 711500.0, 3161500.0 ], [ 711000.0, 3161500.0 ] ] ] } },
{ "type": "Feature", "properties": { "cell_id": 51, "total_buildings": 125, "buildings_within_400m": 125, "accessibility_pct": 100.0, "avg_distance_m": 157.1, "ndvi_mean": 0.20755898437500001, "ndvi_min": -0.0026511135511100292, "ndvi_max": 0.51120305061340332, "ndvi_std": 0.12292806367902431 }, "geometry": { "type": "Polygon", "coordinates": [ [ [ 711000.0, 3162000.0 ], [ 711000.0, 3162500.0 ], [ 711500.0, 3162500.0 ], [ 711500.0, 3162000.0 ], [ 711000.0, 3162000.0 ] ] ] } },
{ "type": "Feature", "properties": { "cell_id": 52, "total_buildings": 90, "buildings_within_400m": 59, "accessibility_pct": 65.6, "avg_distance_m": 351.8, "ndvi_mean": 0.20896652832031251, "ndvi_min": -0.10387279093265533, "ndvi_max": 0.51592820882797241, "ndvi_std": 0.12044920760593708 }, "geometry": { "type": "Polygon", "coordinates": [ [ [ 711000.0, 3162500.0 ], [ 711000.0, 3163000.0 ], [ 711500.0, 3163000.0 ], [ 711500.0, 3162500.0 ], [ 711000.0, 3162500.0 ] ] ] } },
{ "type": "Feature", "properties": { "cell_id": 53, "total_buildings": 47, "buildings_within_400m": 33, "accessibility_pct": 70.2, "avg_distance_m": 313.2, "ndvi_mean": 0.28851660156249997, "ndvi_min": 0.02857142873108387, "ndvi_max": 0.57661288976669312, "ndvi_std": 0.11068380236124345 }, "geometry": { "type": "Polygon", "coordinates": [ [ [ 711000.0, 3163000.0 ], [ 711000.0, 3163500.0 ], [ 711500.0, 3163500.0 ], [ 711500.0, 3163000.0 ], [ 711000.0, 3163000.0 ] ] ] } },
{ "type": "Feature", "properties": { "cell_id": 54, "total_buildings": 49, "buildings_within_400m": 49, "accessibility_pct": 100.0, "avg_distance_m": 230.0, "ndvi_mean": 0.23476423339843749, "ndvi_min": 0.0081938011571764946, "ndvi_max": 0.52499544620513916, "ndvi_std": 0.12227757043521818 }, "geometry": { "type": "Polygon", "coordinates": [ [ [ 711000.0, 3163500.0 ], [ 711000.0, 3164000.0 ], [ 711500.0, 3164000.0 ], [ 711500.0, 3163500.0 ], [ 711000.0, 3163500.0 ] ] ] } },
{ "type": "Feature", "properties": { "cell_id": 55, "total_buildings": 3, "buildings_within_400m": 3, "accessibility_pct": 100.0, "avg_distance_m": 26.3, "ndvi_mean": 0.377369775390625, "ndvi_min": 0.061649784445762634, "ndvi_max": 0.56930524110794067, "ndvi_std": 0.13095950205885995 }, "geometry": { "type": "Polygon", "coordinates": [ [ [ 711000.0, 3164000.0 ], [ 711000.0, 3164500.0 ], [ 711500.0, 3164500.0 ], [ 711500.0, 3164000.0 ], [ 711000.0, 3164000.0 ] ] ] } },
{ "type": "Feature", "properties": { "cell_id": 56, "total_buildings": 39, "buildings_within_400m": 39, "accessibility_pct": 100.0, "avg_distance_m": 201.2, "ndvi_mean": 0.27330859375, "ndvi_min": 0.025803530588746071, "ndvi_max": 0.52557981014251709, "ndvi_std": 0.12009821427686039 }, "geometry": { "type": "Polygon", "coordinates": [ [ [ 711000.0, 3164500.0 ], [ 711000.0, 3165000.0 ], [ 711500.0, 3165000.0 ], [ 711500.0, 3164500.0 ], [ 711000.0, 3164500.0 ] ] ] } },
{ "type": "Feature", "properties": { "cell_id": 57, "total_buildings": 63, "buildings_within_400m": 53, "accessibility_pct": 84.1, "avg_distance_m": 148.0, "ndvi_mean": 0.35714775390624998, "ndvi_min": 0.046544428914785385, "ndvi_max": 0.52255100011825562, "ndvi_std": 0.082981584129527983 }, "geometry": { "type": "Polygon", "coordinates": [ [ [ 711000.0, 3165000.0 ], [ 711000.0, 3165500.0 ], [ 711500.0, 3165500.0 ], [ 711500.0, 3165000.0 ], [ 711000.0, 3165000.0 ] ] ] } },
{ "type": "Feature", "properties": { "cell_id": 58, "total_buildings": 22, "buildings_within_400m": 10, "accessibility_pct": 45.5, "avg_distance_m": 449.4, "ndvi_mean": 0.32983527832031251, "ndvi_min": 0.04932735487818718, "ndvi_max": 0.49410143494606018, "ndvi_std": 0.090404824617759491 }, "geometry": { "type": "Polygon", "coordinates": [ [ [ 711000.0, 3165500.0 ], [ 711000.0, 3166000.0 ], [ 711500.0, 3166000.0 ], [ 711500.0, 3165500.0 ], [ 711000.0, 3165500.0 ] ] ] } },
{ "type": "Feature", "properties": { "cell_id": 59, "total_buildings": 6, "buildings_within_400m": 0, "accessibility_pct": 0.0, "avg_distance_m": 862.0, "ndvi_mean": 0.38698293457031252, "ndvi_min": 0.13450969755649567, "ndvi_max": 0.54686444997787476, "ndvi_std": 0.054923599112483942 }, "geometry": { "type": "Polygon", "coordinates": [ [ [ 711000.0, 3166000.0 ], [ 711000.0, 3166500.0 ], [ 711500.0, 3166500.0 ], [ 711500.0, 3166000.0 ], [ 711000.0, 3166000.0 ] ] ] } },
{ "type": "Feature", "properties": { "cell_id": 60, "total_buildings": 4, "buildings_within_400m": 0, "accessibility_pct": 0.0, "avg_distance_m": 1211.4, "ndvi_mean": 0.39241437988281253, "ndvi_min": 0.07667076587677002, "ndvi_max": 0.475839763879776, "ndvi_std": 0.047721240654609302 }, "geometry": { "type": "Polygon", "coordinates": [ [ [ 711000.0, 3166500.0 ], [ 711000.0, 3167000.0 ], [ 711500.0, 3167000.0 ], [ 711500.0, 3166500.0 ], [ 711000.0, 3166500.0 ] ] ] } },
{ "type": "Feature", "properties": { "cell_id": 62, "total_buildings": 73, "buildings_within_400m": 0, "accessibility_pct": 0.0, "avg_distance_m": 1484.5, "ndvi_mean": 0.347081494140625, "ndvi_min": -0.00089766609016805887, "ndvi_max": 0.51197147369384766, "ndvi_std": 0.14163866539216879 }, "geometry": { "type": "Polygon", "coordinates": [ [ [ 711000.0, 3167500.0 ], [ 711000.0, 3168000.0 ], [ 711500.0, 3168000.0 ], [ 711500.0, 3167500.0 ], [ 711000.0, 3167500.0 ] ] ] } },
{ "type": "Feature", "properties": { "cell_id": 63, "total_buildings": 82, "buildings_within_400m": 0, "accessibility_pct": 0.0, "avg_distance_m": 1318.1, "ndvi_mean": 0.22309082031249999, "ndvi_min": -0.0077979946509003639, "ndvi_max": 0.43001079559326172, "ndvi_std": 0.11457364960996588 }, "geometry": { "type": "Polygon", "coordinates": [ [ [ 711000.0, 3168000.0 ], [ 711000.0, 3168500.0 ], [ 711500.0, 3168500.0 ], [ 711500.0, 3168000.0 ], [ 711000.0, 3168000.0 ] ] ] } },
{ "type": "Feature", "properties": { "cell_id": 64, "total_buildings": 46, "buildings_within_400m": 0, "accessibility_pct": 0.0, "avg_distance_m": 972.2, "ndvi_mean": 0.1931195556640625, "ndvi_min": -0.032465215772390366, "ndvi_max": 0.46143540740013123, "ndvi_std": 0.095181070526700245 }, "geometry": { "type": "Polygon", "coordinates": [ [ [ 711000.0, 3168500.0 ], [ 711000.0, 3169000.0 ], [ 711500.0, 3169000.0 ], [ 711500.0, 3168500.0 ], [ 711000.0, 3168500.0 ] ] ] } },
{ "type": "Feature", "properties": { "cell_id": 65, "total_buildings": 52, "buildings_within_400m": 3, "accessibility_pct": 5.8, "avg_distance_m": 563.2, "ndvi_mean": 0.22347817382812499, "ndvi_min": 0.03252885490655899, "ndvi_max": 0.43729963898658752, "ndvi_std": 0.077769021099164337 }, "geometry": { "type": "Polygon", "coordinates": [ [ [ 711000.0, 3169000.0 ], [ 711000.0, 3169500.0 ], [ 711500.0, 3169500.0 ], [ 711500.0, 3169000.0 ], [ 711000.0, 3169000.0 ] ] ] } },
{ "type": "Feature", "properties": { "cell_id": 66, "total_buildings": 71, "buildings_within_400m": 4, "accessibility_pct": 5.6, "avg_distance_m": 604.8, "ndvi_mean": 0.21734462890625, "ndvi_min": 0.064529061317443848, "ndvi_max": 0.39472118020057678, "ndvi_std": 0.07711442766724784 }, "geometry": { "type": "Polygon", "coordinates": [ [ [ 711000.0, 3169500.0 ], [ 711000.0, 3170000.0 ], [ 711500.0, 3170000.0 ], [ 711500.0, 3169500.0 ], [ 711000.0, 3169500.0 ] ] ] } },
{ "type": "Feature", "properties": { "cell_id": 67, "total_buildings": 85, "buildings_within_400m": 14, "accessibility_pct": 16.5, "avg_distance_m": 534.7, "ndvi_mean": 0.17680228271484374, "ndvi_min": 0.033427305519580841, "ndvi_max": 0.38883033394813538, "ndvi_std": 0.066777978873176908 }, "geometry": { "type": "Polygon", "coordinates": [ [ [ 711000.0, 3170000.0 ], [ 711000.0, 3170500.0 ], [ 711500.0, 3170500.0 ], [ 711500.0, 3170000.0 ], [ 711000.0, 3170000.0 ] ] ] } },
{ "type": "Feature", "properties": { "cell_id": 68, "total_buildings": 562, "buildings_within_400m": 562, "accessibility_pct": 100.0, "avg_distance_m": 166.0, "ndvi_mean": 0.069009063720703132, "ndvi_min": -0.024077046662569046, "ndvi_max": 0.33012226223945618, "ndvi_std": 0.063244657281875033 }, "geometry": { "type": "Polygon", "coordinates": [ [ [ 711000.0, 3170500.0 ], [ 711000.0, 3171000.0 ], [ 711500.0, 3171000.0 ], [ 711500.0, 3170500.0 ], [ 711000.0, 3170500.0 ] ] ] } },
{ "type": "Feature", "properties": { "cell_id": 69, "total_buildings": 74, "buildings_within_400m": 74, "accessibility_pct": 100.0, "avg_distance_m": 115.8, "ndvi_mean": 0.033959462691326534, "ndvi_min": -0.020195143297314644, "ndvi_max": 0.34527862071990967, "ndvi_std": 0.047325814753957154 }, "geometry": { "type": "Polygon", "coordinates": [ [ [ 711000.0, 3171000.0 ], [ 711000.0, 3171500.0 ], [ 711500.0, 3171500.0 ], [ 711500.0, 3171000.0 ], [ 711000.0, 3171000.0 ] ] ] } },
{ "type": "Feature", "properties": { "cell_id": 70, "total_buildings": 53, "buildings_within_400m": 53, "accessibility_pct": 100.0, "avg_distance_m": 239.2, "ndvi_mean": 0.33997862523915817, "ndvi_min": 0.0, "ndvi_max": 0.51793497800827026, "ndvi_std": 0.1170775499045676 }, "geometry": { "type": "Polygon", "coordinates": [ [ [ 711500.0, 3160000.0 ], [ 711500.0, 3160500.0 ], [ 712000.0, 3160500.0 ], [ 712000.0, 3160000.0 ], [ 711500.0, 3160000.0 ] ] ] } },
{ "type": "Feature", "properties": { "cell_id": 71, "total_buildings": 64, "buildings_within_400m": 64, "accessibility_pct": 100.0, "avg_distance_m": 96.9, "ndvi_mean": 0.27326289062499998, "ndvi_min": 0.037061329931020737, "ndvi_max": 0.50656002759933472, "ndvi_std": 0.099694052407034245 }, "geometry": { "type": "Polygon", "coordinates": [ [ [ 711500.0, 3160500.0 ], [ 711500.0, 3161000.0 ], [ 712000.0, 3161000.0 ], [ 712000.0, 3160500.0 ], [ 711500.0, 3160500.0 ] ] ] } },
{ "type": "Feature", "properties": { "cell_id": 72, "total_buildings": 106, "buildings_within_400m": 106, "accessibility_pct": 100.0, "avg_distance_m": 56.5, "ndvi_mean": 0.2445263916015625, "ndvi_min": 0.027261951938271523, "ndvi_max": 0.48475712537765503, "ndvi_std": 0.10789042474947212 }, "geometry": { "type": "Polygon", "coordinates": [ [ [ 711500.0, 3161000.0 ], [ 711500.0, 3161500.0 ], [ 712000.0, 3161500.0 ], [ 712000.0, 3161000.0 ], [ 711500.0, 3161000.0 ] ] ] } },
{ "type": "Feature", "properties": { "cell_id": 73, "total_buildings": 138, "buildings_within_400m": 138, "accessibility_pct": 100.0, "avg_distance_m": 98.0, "ndvi_mean": 0.20338646240234376, "ndvi_min": 0.0241390410810709, "ndvi_max": 0.44462278485298157, "ndvi_std": 0.09577218192917103 }, "geometry": { "type": "Polygon", "coordinates": [ [ [ 711500.0, 3161500.0 ], [ 711500.0, 3162000.0 ], [ 712000.0, 3162000.0 ], [ 712000.0, 3161500.0 ], [ 711500.0, 3161500.0 ] ] ] } },
{ "type": "Feature", "properties": { "cell_id": 74, "total_buildings": 140, "buildings_within_400m": 140, "accessibility_pct": 100.0, "avg_distance_m": 93.6, "ndvi_mean": 0.215550732421875, "ndvi_min": 0.027122048661112785, "ndvi_max": 0.45871913433074951, "ndvi_std": 0.091108852862307743 }, "geometry": { "type": "Polygon", "coordinates": [ [ [ 711500.0, 3162000.0 ], [ 711500.0, 3162500.0 ], [ 712000.0, 3162500.0 ], [ 712000.0, 3162000.0 ], [ 711500.0, 3162000.0 ] ] ] } },
{ "type": "Feature", "properties": { "cell_id": 75, "total_buildings": 112, "buildings_within_400m": 112, "accessibility_pct": 100.0, "avg_distance_m": 132.9, "ndvi_mean": 0.23475639648437499, "ndvi_min": 0.029629629105329514, "ndvi_max": 0.45261561870574951, "ndvi_std": 0.089621287040678163 }, "geometry": { "type": "Polygon", "coordinates": [ [ [ 711500.0, 3162500.0 ], [ 711500.0, 3163000.0 ], [ 712000.0, 3163000.0 ], [ 712000.0, 3162500.0 ], [ 711500.0, 3162500.0 ] ] ] } },
{ "type": "Feature", "properties": { "cell_id": 76, "total_buildings": 129, "buildings_within_400m": 129, "accessibility_pct": 100.0, "avg_distance_m": 59.9, "ndvi_mean": 0.21149360351562499, "ndvi_min": 0.017703132703900337, "ndvi_max": 0.5735173225402832, "ndvi_std": 0.10909634003155727 }, "geometry": { "type": "Polygon", "coordinates": [ [ [ 711500.0, 3163000.0 ], [ 711500.0, 3163500.0 ], [ 712000.0, 3163500.0 ], [ 712000.0, 3163000.0 ], [ 711500.0, 3163000.0 ] ] ] } },
{ "type": "Feature", "properties": { "cell_id": 77, "total_buildings": 94, "buildings_within_400m": 94, "accessibility_pct": 100.0, "avg_distance_m": 140.3, "ndvi_mean": 0.30284482421874998, "ndvi_min": 0.038674034178256989, "ndvi_max": 0.58492934703826904, "ndvi_std": 0.11150241894312951 }, "geometry": { "type": "Polygon", "coordinates": [ [ [ 711500.0, 3163500.0 ], [ 711500.0, 3164000.0 ], [ 712000.0, 3164000.0 ], [ 712000.0, 3163500.0 ], [ 711500.0, 3163500.0 ] ] ] } },
{ "type": "Feature", "properties": { "cell_id": 78, "total_buildings": 68, "buildings_within_400m": 68, "accessibility_pct": 100.0, "avg_distance_m": 100.9, "ndvi_mean": 0.33244511718750003, "ndvi_min": 0.045053634792566299, "ndvi_max": 0.55203771591186523, "ndvi_std": 0.11951941238616 }, "geometry": { "type": "Polygon", "coordinates": [ [ [ 711500.0, 3164000.0 ], [ 711500.0, 3164500.0 ], [ 712000.0, 3164500.0 ], [ 712000.0, 3164000.0 ], [ 711500.0, 3164000.0 ] ] ] } },
{ "type": "Feature", "properties": { "cell_id": 79, "total_buildings": 34, "buildings_within_400m": 34, "accessibility_pct": 100.0, "avg_distance_m": 56.6, "ndvi_mean": 0.2462591552734375, "ndvi_min": -0.025748817250132561, "ndvi_max": 0.54054051637649536, "ndvi_std": 0.14134143992624296 }, "geometry": { "type": "Polygon", "coordinates": [ [ [ 711500.0, 3164500.0 ], [ 711500.0, 3165000.0 ], [ 712000.0, 3165000.0 ], [ 712000.0, 3164500.0 ], [ 711500.0, 3164500.0 ] ] ] } },
{ "type": "Feature", "properties": { "cell_id": 80, "total_buildings": 52, "buildings_within_400m": 52, "accessibility_pct": 100.0, "avg_distance_m": 69.8, "ndvi_mean": 0.25780615234374998, "ndvi_min": 0.025815879926085472, "ndvi_max": 0.46609103679656982, "ndvi_std": 0.10321040193122752 }, "geometry": { "type": "Polygon", "coordinates": [ [ [ 711500.0, 3165000.0 ], [ 711500.0, 3165500.0 ], [ 712000.0, 3165500.0 ], [ 712000.0, 3165000.0 ], [ 711500.0, 3165000.0 ] ] ] } },
{ "type": "Feature", "properties": { "cell_id": 81, "total_buildings": 92, "buildings_within_400m": 48, "accessibility_pct": 52.2, "avg_distance_m": 405.2, "ndvi_mean": 0.28184038085937502, "ndvi_min": 0.039190895855426788, "ndvi_max": 0.43446892499923706, "ndvi_std": 0.067873417379734582 }, "geometry": { "type": "Polygon", "coordinates": [ [ [ 711500.0, 3165500.0 ], [ 711500.0, 3166000.0 ], [ 712000.0, 3166000.0 ], [ 712000.0, 3165500.0 ], [ 711500.0, 3165500.0 ] ] ] } },
{ "type": "Feature", "properties": { "cell_id": 82, "total_buildings": 12, "buildings_within_400m": 0, "accessibility_pct": 0.0, "avg_distance_m": 968.0, "ndvi_mean": 0.37956132812499999, "ndvi_min": 0.11782119423151016, "ndvi_max": 0.51956075429916382, "ndvi_std": 0.068957255886397159 }, "geometry": { "type": "Polygon", "coordinates": [ [ [ 711500.0, 3166000.0 ], [ 711500.0, 3166500.0 ], [ 712000.0, 3166500.0 ], [ 712000.0, 3166000.0 ], [ 711500.0, 3166000.0 ] ] ] } },
{ "type": "Feature", "properties": { "cell_id": 83, "total_buildings": 12, "buildings_within_400m": 0, "accessibility_pct": 0.0, "avg_distance_m": 1031.4, "ndvi_mean": 0.39372666015625002, "ndvi_min": 0.083889082074165344, "ndvi_max": 0.51064193248748779, "ndvi_std": 0.070952586954460717 }, "geometry": { "type": "Polygon", "coordinates": [ [ [ 711500.0, 3166500.0 ], [ 711500.0, 3167000.0 ], [ 712000.0, 3167000.0 ], [ 712000.0, 3166500.0 ], [ 711500.0, 3166500.0 ] ] ] } },
{ "type": "Feature", "properties": { "cell_id": 85, "total_buildings": 25, "buildings_within_400m": 0, "accessibility_pct": 0.0, "avg_distance_m": 1078.2, "ndvi_mean": 0.35469501953124999, "ndvi_min": -0.0056843026541173458, "ndvi_max": 0.5061376690864563, "ndvi_std": 0.10335318483052162 }, "geometry": { "type": "Polygon", "coordinates": [ [ [ 711500.0, 3167500.0 ], [ 711500.0, 3168000.0 ], [ 712000.0, 3168000.0 ], [ 712000.0, 3167500.0 ], [ 711500.0, 3167500.0 ] ] ] } },
{ "type": "Feature", "properties": { "cell_id": 86, "total_buildings": 52, "buildings_within_400m": 0, "accessibility_pct": 0.0, "avg_distance_m": 1243.1, "ndvi_mean": 0.319735302734375, "ndvi_min": 0.0012970168609172106, "ndvi_max": 0.50554043054580688, "ndvi_std": 0.10041496967088499 }, "geometry": { "type": "Polygon", "coordinates": [ [ [ 711500.0, 3168000.0 ], [ 711500.0, 3168500.0 ], [ 712000.0, 3168500.0 ], [ 712000.0, 3168000.0 ], [ 711500.0, 3168000.0 ] ] ] } },
{ "type": "Feature", "properties": { "cell_id": 87, "total_buildings": 18, "buildings_within_400m": 0, "accessibility_pct": 0.0, "avg_distance_m": 489.6, "ndvi_mean": 0.3225650390625, "ndvi_min": 0.093233086168766022, "ndvi_max": 0.51784598827362061, "ndvi_std": 0.074192780049857548 }, "geometry": { "type": "Polygon", "coordinates": [ [ [ 711500.0, 3168500.0 ], [ 711500.0, 3169000.0 ], [ 712000.0, 3169000.0 ], [ 712000.0, 3168500.0 ], [ 711500.0, 3168500.0 ] ] ] } },
{ "type": "Feature", "properties": { "cell_id": 88, "total_buildings": 114, "buildings_within_400m": 99, "accessibility_pct": 86.8, "avg_distance_m": 242.8, "ndvi_mean": 0.25775693359375002, "ndvi_min": 0.04357181116938591, "ndvi_max": 0.42468732595443726, "ndvi_std": 0.073406082487452534 }, "geometry": { "type": "Polygon", "coordinates": [ [ [ 711500.0, 3169000.0 ], [ 711500.0, 3169500.0 ], [ 712000.0, 3169500.0 ], [ 712000.0, 3169000.0 ], [ 711500.0, 3169000.0 ] ] ] } },
{ "type": "Feature", "properties": { "cell_id": 89, "total_buildings": 78, "buildings_within_400m": 53, "accessibility_pct": 67.9, "avg_distance_m": 283.5, "ndvi_mean": 0.28334677734375002, "ndvi_min": 0.065749891102313995, "ndvi_max": 0.44289174675941467, "ndvi_std": 0.069166968673871773 }, "geometry": { "type": "Polygon", "coordinates": [ [ [ 711500.0, 3169500.0 ], [ 711500.0, 3170000.0 ], [ 712000.0, 3170000.0 ], [ 712000.0, 3169500.0 ], [ 711500.0, 3169500.0 ] ] ] } },
{ "type": "Feature", "properties": { "cell_id": 90, "total_buildings": 126, "buildings_within_400m": 87, "accessibility_pct": 69.0, "avg_distance_m": 305.7, "ndvi_mean": 0.194843798828125, "ndvi_min": 0.01033484935760498, "ndvi_max": 0.40536671876907349, "ndvi_std": 0.078899453608722067 }, "geometry": { "type": "Polygon", "coordinates": [ [ [ 711500.0, 3170000.0 ], [ 711500.0, 3170500.0 ], [ 712000.0, 3170500.0 ], [ 712000.0, 3170000.0 ], [ 711500.0, 3170000.0 ] ] ] } },
{ "type": "Feature", "properties": { "cell_id": 91, "total_buildings": 337, "buildings_within_400m": 337, "accessibility_pct": 100.0, "avg_distance_m": 81.4, "ndvi_mean": 0.081816149902343746, "ndvi_min": -0.01287553645670414, "ndvi_max": 0.33639815449714661, "ndvi_std": 0.058860108052375529 }, "geometry": { "type": "Polygon", "coordinates": [ [ [ 711500.0, 3170500.0 ], [ 711500.0, 3171000.0 ], [ 712000.0, 3171000.0 ], [ 712000.0, 3170500.0 ], [ 711500.0, 3170500.0 ] ] ] } },
{ "type": "Feature", "properties": { "cell_id": 92, "total_buildings": 59, "buildings_within_400m": 59, "accessibility_pct": 100.0, "avg_distance_m": 113.5, "ndvi_mean": 0.066013438944913905, "ndvi_min": -0.014468789100646973, "ndvi_max": 0.38006341457366943, "ndvi_std": 0.09209012175817935 }, "geometry": { "type": "Polygon", "coordinates": [ [ [ 711500.0, 3171000.0 ], [ 711500.0, 3171500.0 ], [ 712000.0, 3171500.0 ], [ 712000.0, 3171000.0 ], [ 711500.0, 3171000.0 ] ] ] } },
{ "type": "Feature", "properties": { "cell_id": 93, "total_buildings": 22, "buildings_within_400m": 22, "accessibility_pct": 100.0, "avg_distance_m": 79.4, "ndvi_mean": 0.24337462133290816, "ndvi_min": -0.062122520059347153, "ndvi_max": 0.56084656715393066, "ndvi_std": 0.15634235255039752 }, "geometry": { "type": "Polygon", "coordinates": [ [ [ 712000.0, 3160000.0 ], [ 712000.0, 3160500.0 ], [ 712500.0, 3160500.0 ], [ 712500.0, 3160000.0 ], [ 712000.0, 3160000.0 ] ] ] } },
{ "type": "Feature", "properties": { "cell_id": 94, "total_buildings": 56, "buildings_within_400m": 56, "accessibility_pct": 100.0, "avg_distance_m": 79.8, "ndvi_mean": 0.13793840332031251, "ndvi_min": -0.031077053397893906, "ndvi_max": 0.44285213947296143, "ndvi_std": 0.1152755287299736 }, "geometry": { "type": "Polygon", "coordinates": [ [ [ 712000.0, 3160500.0 ], [ 712000.0, 3161000.0 ], [ 712500.0, 3161000.0 ], [ 712500.0, 3160500.0 ], [ 712000.0, 3160500.0 ] ] ] } },
{ "type": "Feature", "properties": { "cell_id": 95, "total_buildings": 122, "buildings_within_400m": 122, "accessibility_pct": 100.0, "avg_distance_m": 208.6, "ndvi_mean": 0.21600903320312501, "ndvi_min": 0.0010319917928427458, "ndvi_max": 0.44362565875053406, "ndvi_std": 0.095732502894754171 }, "geometry": { "type": "Polygon", "coordinates": [ [ [ 712000.0, 3161000.0 ], [ 712000.0, 3161500.0 ], [ 712500.0, 3161500.0 ], [ 712500.0, 3161000.0 ], [ 712000.0, 3161000.0 ] ] ] } },
{ "type": "Feature", "properties": { "cell_id": 96, "total_buildings": 222, "buildings_within_400m": 138, "accessibility_pct": 62.2, "avg_distance_m": 351.8, "ndvi_mean": 0.25496127929687501, "ndvi_min": 0.059582918882369995, "ndvi_max": 0.44707250595092773, "ndvi_std": 0.070418860090977808 }, "geometry": { "type": "Polygon", "coordinates": [ [ [ 712000.0, 3161500.0 ], [ 712000.0, 3162000.0 ], [ 712500.0, 3162000.0 ], [ 712500.0, 3161500.0 ], [ 712000.0, 3161500.0 ] ] ] } },
{ "type": "Feature", "properties": { "cell_id": 97, "total_buildings": 168, "buildings_within_400m": 164, "accessibility_pct": 97.6, "avg_distance_m": 214.4, "ndvi_mean": 0.27246577148437501, "ndvi_min": 0.090803258121013641, "ndvi_max": 0.48623520135879517, "ndvi_std": 0.069900267483149939 }, "geometry": { "type": "Polygon", "coordinates": [ [ [ 712000.0, 3162000.0 ], [ 712000.0, 3162500.0 ], [ 712500.0, 3162500.0 ], [ 712500.0, 3162000.0 ], [ 712000.0, 3162000.0 ] ] ] } },
{ "type": "Feature", "properties": { "cell_id": 98, "total_buildings": 147, "buildings_within_400m": 147, "accessibility_pct": 100.0, "avg_distance_m": 99.9, "ndvi_mean": 0.25971833496093749, "ndvi_min": 0.060566447675228119, "ndvi_max": 0.43129771947860718, "ndvi_std": 0.066865147758830762 }, "geometry": { "type": "Polygon", "coordinates": [ [ [ 712000.0, 3162500.0 ], [ 712000.0, 3163000.0 ], [ 712500.0, 3163000.0 ], [ 712500.0, 3162500.0 ], [ 712000.0, 3162500.0 ] ] ] } },
{ "type": "Feature", "properties": { "cell_id": 99, "total_buildings": 132, "buildings_within_400m": 132, "accessibility_pct": 100.0, "avg_distance_m": 93.9, "ndvi_mean": 0.2458304931640625, "ndvi_min": 0.024686669930815697, "ndvi_max": 0.47626003623008728, "ndvi_std": 0.091616826689952566 }, "geometry": { "type": "Polygon", "coordinates": [ [ [ 712000.0, 3163000.0 ], [ 712000.0, 3163500.0 ], [ 712500.0, 3163500.0 ], [ 712500.0, 3163000.0 ], [ 712000.0, 3163000.0 ] ] ] } },
{ "type": "Feature", "properties": { "cell_id": 100, "total_buildings": 91, "buildings_within_400m": 91, "accessibility_pct": 100.0, "avg_distance_m": 71.7, "ndvi_mean": 0.27044692382812502, "ndvi_min": 0.028289178386330605, "ndvi_max": 0.46968358755111694, "ndvi_std": 0.10232943346417503 }, "geometry": { "type": "Polygon", "coordinates": [ [ [ 712000.0, 3163500.0 ], [ 712000.0, 3164000.0 ], [ 712500.0, 3164000.0 ], [ 712500.0, 3163500.0 ], [ 712000.0, 3163500.0 ] ] ] } },
{ "type": "Feature", "properties": { "cell_id": 101, "total_buildings": 73, "buildings_within_400m": 73, "accessibility_pct": 100.0, "avg_distance_m": 97.2, "ndvi_mean": 0.1816789794921875, "ndvi_min": -0.0049261082895100117, "ndvi_max": 0.50153845548629761, "ndvi_std": 0.12219247099195692 }, "geometry": { "type": "Polygon", "coordinates": [ [ [ 712000.0, 3164000.0 ], [ 712000.0, 3164500.0 ], [ 712500.0, 3164500.0 ], [ 712500.0, 3164000.0 ], [ 712000.0, 3164000.0 ] ] ] } },
{ "type": "Feature", "properties": { "cell_id": 102, "total_buildings": 62, "buildings_within_400m": 61, "accessibility_pct": 98.4, "avg_distance_m": 223.8, "ndvi_mean": 0.26434619140624999, "ndvi_min": 0.0073529412038624287, "ndvi_max": 0.52020764350891113, "ndvi_std": 0.11683648933382049 }, "geometry": { "type": "Polygon", "coordinates": [ [ [ 712000.0, 3164500.0 ], [ 712000.0, 3165000.0 ], [ 712500.0, 3165000.0 ], [ 712500.0, 3164500.0 ], [ 712000.0, 3164500.0 ] ] ] } },
{ "type": "Feature", "properties": { "cell_id": 103, "total_buildings": 19, "buildings_within_400m": 8, "accessibility_pct": 42.1, "avg_distance_m": 342.6, "ndvi_mean": 0.33187272949218749, "ndvi_min": 0.04270109161734581, "ndvi_max": 0.56440204381942749, "ndvi_std": 0.11680307772070513 }, "geometry": { "type": "Polygon", "coordinates": [ [ [ 712000.0, 3165000.0 ], [ 712000.0, 3165500.0 ], [ 712500.0, 3165500.0 ], [ 712500.0, 3165000.0 ], [ 712000.0, 3165000.0 ] ] ] } },
{ "type": "Feature", "properties": { "cell_id": 104, "total_buildings": 16, "buildings_within_400m": 9, "accessibility_pct": 56.3, "avg_distance_m": 400.2, "ndvi_mean": 0.37250200195312499, "ndvi_min": 0.048685912042856216, "ndvi_max": 0.55660837888717651, "ndvi_std": 0.12228765077429973 }, "geometry": { "type": "Polygon", "coordinates": [ [ [ 712000.0, 3165500.0 ], [ 712000.0, 3166000.0 ], [ 712500.0, 3166000.0 ], [ 712500.0, 3165500.0 ], [ 712000.0, 3165500.0 ] ] ] } },
{ "type": "Feature", "properties": { "cell_id": 106, "total_buildings": 1, "buildings_within_400m": 1, "accessibility_pct": 100.0, "avg_distance_m": 237.3, "ndvi_mean": 0.35243969726562502, "ndvi_min": 0.093059122562408447, "ndvi_max": 0.52164465188980103, "ndvi_std": 0.060655825568102478 }, "geometry": { "type": "Polygon", "coordinates": [ [ [ 712000.0, 3166500.0 ], [ 712000.0, 3167000.0 ], [ 712500.0, 3167000.0 ], [ 712500.0, 3166500.0 ], [ 712000.0, 3166500.0 ] ] ] } },
{ "type": "Feature", "properties": { "cell_id": 108, "total_buildings": 28, "buildings_within_400m": 17, "accessibility_pct": 60.7, "avg_distance_m": 414.6, "ndvi_mean": 0.3795281005859375, "ndvi_min": 0.1052507683634758, "ndvi_max": 0.50542658567428589, "ndvi_std": 0.055714994648125973 }, "geometry": { "type": "Polygon", "coordinates": [ [ [ 712000.0, 3167500.0 ], [ 712000.0, 3168000.0 ], [ 712500.0, 3168000.0 ], [ 712500.0, 3167500.0 ], [ 712000.0, 3167500.0 ] ] ] } },
{ "type": "Feature", "properties": { "cell_id": 109, "total_buildings": 5, "buildings_within_400m": 0, "accessibility_pct": 0.0, "avg_distance_m": 622.8, "ndvi_mean": 0.39998361816406253, "ndvi_min": 0.15182250738143921, "ndvi_max": 0.51468414068222046, "ndvi_std": 0.045741241908891783 }, "geometry": { "type": "Polygon", "coordinates": [ [ [ 712000.0, 3168000.0 ], [ 712000.0, 3168500.0 ], [ 712500.0, 3168500.0 ], [ 712500.0, 3168000.0 ], [ 712000.0, 3168000.0 ] ] ] } },
{ "type": "Feature", "properties": { "cell_id": 110, "total_buildings": 3, "buildings_within_400m": 1, "accessibility_pct": 33.3, "avg_distance_m": 462.1, "ndvi_mean": 0.42125683593750002, "ndvi_min": 0.1225157231092453, "ndvi_max": 0.5027235746383667, "ndvi_std": 0.041312889854879735 }, "geometry": { "type": "Polygon", "coordinates": [ [ [ 712000.0, 3168500.0 ], [ 712000.0, 3169000.0 ], [ 712500.0, 3169000.0 ], [ 712500.0, 3168500.0 ], [ 712000.0, 3168500.0 ] ] ] } },
{ "type": "Feature", "properties": { "cell_id": 111, "total_buildings": 84, "buildings_within_400m": 79, "accessibility_pct": 94.0, "avg_distance_m": 283.8, "ndvi_mean": 0.27786787109375, "ndvi_min": 0.034596376121044159, "ndvi_max": 0.49280327558517456, "ndvi_std": 0.09573669155778762 }, "geometry": { "type": "Polygon", "coordinates": [ [ [ 712000.0, 3169000.0 ], [ 712000.0, 3169500.0 ], [ 712500.0, 3169500.0 ], [ 712500.0, 3169000.0 ], [ 712000.0, 3169000.0 ] ] ] } },
{ "type": "Feature", "properties": { "cell_id": 112, "total_buildings": 59, "buildings_within_400m": 53, "accessibility_pct": 89.8, "avg_distance_m": 273.9, "ndvi_mean": 0.293290283203125, "ndvi_min": 0.05418381467461586, "ndvi_max": 0.50905430316925049, "ndvi_std": 0.083619192796824962 }, "geometry": { "type": "Polygon", "coordinates": [ [ [ 712000.0, 3169500.0 ], [ 712000.0, 3170000.0 ], [ 712500.0, 3170000.0 ], [ 712500.0, 3169500.0 ], [ 712000.0, 3169500.0 ] ] ] } },
{ "type": "Feature", "properties": { "cell_id": 113, "total_buildings": 200, "buildings_within_400m": 194, "accessibility_pct": 97.0, "avg_distance_m": 214.6, "ndvi_mean": 0.1663302001953125, "ndvi_min": -0.0083885211497545242, "ndvi_max": 0.42780748009681702, "ndvi_std": 0.096896105993672044 }, "geometry": { "type": "Polygon", "coordinates": [ [ [ 712000.0, 3170000.0 ], [ 712000.0, 3170500.0 ], [ 712500.0, 3170500.0 ], [ 712500.0, 3170000.0 ], [ 712000.0, 3170000.0 ] ] ] } },
{ "type": "Feature", "properties": { "cell_id": 114, "total_buildings": 205, "buildings_within_400m": 205, "accessibility_pct": 100.0, "avg_distance_m": 99.7, "ndvi_mean": 0.11941177978515626, "ndvi_min": 0.0075757578015327454, "ndvi_max": 0.39049103856086731, "ndvi_std": 0.079211859239875615 }, "geometry": { "type": "Polygon", "coordinates": [ [ [ 712000.0, 3170500.0 ], [ 712000.0, 3171000.0 ], [ 712500.0, 3171000.0 ], [ 712500.0, 3170500.0 ], [ 712000.0, 3170500.0 ] ] ] } },
{ "type": "Feature", "properties": { "cell_id": 115, "total_buildings": 22, "buildings_within_400m": 22, "accessibility_pct": 100.0, "avg_distance_m": 129.7, "ndvi_mean": 0.15843220613440689, "ndvi_min": 0.0, "ndvi_max": 0.43294531106948853, "ndvi_std": 0.14823686255467677 }, "geometry": { "type": "Polygon", "coordinates": [ [ [ 712000.0, 3171000.0 ], [ 712000.0, 3171500.0 ], [ 712500.0, 3171500.0 ], [ 712500.0, 3171000.0 ], [ 712000.0, 3171000.0 ] ] ] } },
{ "type": "Feature", "properties": { "cell_id": 116, "total_buildings": 109, "buildings_within_400m": 109, "accessibility_pct": 100.0, "avg_distance_m": 96.1, "ndvi_mean": 0.23157231544961734, "ndvi_min": 0.0, "ndvi_max": 0.5002778172492981, "ndvi_std": 0.10574097002490565 }, "geometry": { "type": "Polygon", "coordinates": [ [ [ 712500.0, 3160000.0 ], [ 712500.0, 3160500.0 ], [ 713000.0, 3160500.0 ], [ 713000.0, 3160000.0 ], [ 712500.0, 3160000.0 ] ] ] } },
{ "type": "Feature", "properties": { "cell_id": 117, "total_buildings": 86, "buildings_within_400m": 86, "accessibility_pct": 100.0, "avg_distance_m": 168.9, "ndvi_mean": 0.1487216552734375, "ndvi_min": -0.026706231757998466, "ndvi_max": 0.42642694711685181, "ndvi_std": 0.10550449727783258 }, "geometry": { "type": "Polygon", "coordinates": [ [ [ 712500.0, 3160500.0 ], [ 712500.0, 3161000.0 ], [ 713000.0, 3161000.0 ], [ 713000.0, 3160500.0 ], [ 712500.0, 3160500.0 ] ] ] } },
{ "type": "Feature", "properties": { "cell_id": 118, "total_buildings": 166, "buildings_within_400m": 166, "accessibility_pct": 100.0, "avg_distance_m": 138.8, "ndvi_mean": 0.26688022460937499, "ndvi_min": 0.06284613162279129, "ndvi_max": 0.46331790089607239, "ndvi_std": 0.061666595739970465 }, "geometry": { "type": "Polygon", "coordinates": [ [ [ 712500.0, 3161000.0 ], [ 712500.0, 3161500.0 ], [ 713000.0, 3161500.0 ], [ 713000.0, 3161000.0 ], [ 712500.0, 3161000.0 ] ] ] } },
{ "type": "Feature", "properties": { "cell_id": 119, "total_buildings": 180, "buildings_within_400m": 100, "accessibility_pct": 55.6, "avg_distance_m": 368.4, "ndvi_mean": 0.23815251464843751, "ndvi_min": 0.014048531651496887, "ndvi_max": 0.47603505849838257, "ndvi_std": 0.075728598987103338 }, "geometry": { "type": "Polygon", "coordinates": [ [ [ 712500.0, 3161500.0 ], [ 712500.0, 3162000.0 ], [ 713000.0, 3162000.0 ], [ 713000.0, 3161500.0 ], [ 712500.0, 3161500.0 ] ] ] } },
{ "type": "Feature", "properties": { "cell_id": 120, "total_buildings": 100, "buildings_within_400m": 82, "accessibility_pct": 82.0, "avg_distance_m": 285.6, "ndvi_mean": 0.21638027343749999, "ndvi_min": 0.014676450751721859, "ndvi_max": 0.43968871235847473, "ndvi_std": 0.091591397630663693 }, "geometry": { "type": "Polygon", "coordinates": [ [ [ 712500.0, 3162000.0 ], [ 712500.0, 3162500.0 ], [ 713000.0, 3162500.0 ], [ 713000.0, 3162000.0 ], [ 712500.0, 3162000.0 ] ] ] } },
{ "type": "Feature", "properties": { "cell_id": 121, "total_buildings": 140, "buildings_within_400m": 140, "accessibility_pct": 100.0, "avg_distance_m": 125.4, "ndvi_mean": 0.22932683105468751, "ndvi_min": 0.030497591942548752, "ndvi_max": 0.42374199628829956, "ndvi_std": 0.07738497617291093 }, "geometry": { "type": "Polygon", "coordinates": [ [ [ 712500.0, 3162500.0 ], [ 712500.0, 3163000.0 ], [ 713000.0, 3163000.0 ], [ 713000.0, 3162500.0 ], [ 712500.0, 3162500.0 ] ] ] } },
{ "type": "Feature", "properties": { "cell_id": 122, "total_buildings": 128, "buildings_within_400m": 128, "accessibility_pct": 100.0, "avg_distance_m": 141.4, "ndvi_mean": 0.22496645507812499, "ndvi_min": 0.013000519946217537, "ndvi_max": 0.430014967918396, "ndvi_std": 0.087540996890496547 }, "geometry": { "type": "Polygon", "coordinates": [ [ [ 712500.0, 3163000.0 ], [ 712500.0, 3163500.0 ], [ 713000.0, 3163500.0 ], [ 713000.0, 3163000.0 ], [ 712500.0, 3163000.0 ] ] ] } },
{ "type": "Feature", "properties": { "cell_id": 123, "total_buildings": 156, "buildings_within_400m": 156, "accessibility_pct": 100.0, "avg_distance_m": 159.9, "ndvi_mean": 0.24403623046875, "ndvi_min": 0.028145695105195045, "ndvi_max": 0.48369565606117249, "ndvi_std": 0.073571554015247967 }, "geometry": { "type": "Polygon", "coordinates": [ [ [ 712500.0, 3163500.0 ], [ 712500.0, 3164000.0 ], [ 713000.0, 3164000.0 ], [ 713000.0, 3163500.0 ], [ 712500.0, 3163500.0 ] ] ] } },
{ "type": "Feature", "properties": { "cell_id": 124, "total_buildings": 87, "buildings_within_400m": 87, "accessibility_pct": 100.0, "avg_distance_m": 116.7, "ndvi_mean": 0.26881308593749997, "ndvi_min": 0.042914696037769318, "ndvi_max": 0.52423197031021118, "ndvi_std": 0.100347286373485 }, "geometry": { "type": "Polygon", "coordinates": [ [ [ 712500.0, 3164000.0 ], [ 712500.0, 3164500.0 ], [ 713000.0, 3164500.0 ], [ 713000.0, 3164000.0 ], [ 712500.0, 3164000.0 ] ] ] } },
{ "type": "Feature", "properties": { "cell_id": 125, "total_buildings": 60, "buildings_within_400m": 60, "accessibility_pct": 100.0, "avg_distance_m": 148.2, "ndvi_mean": 0.27153891601562502, "ndvi_min": 0.04178885743021965, "ndvi_max": 0.48814839124679565, "ndvi_std": 0.093264536021178346 }, "geometry": { "type": "Polygon", "coordinates": [ [ [ 712500.0, 3164500.0 ], [ 712500.0, 3165000.0 ], [ 713000.0, 3165000.0 ], [ 713000.0, 3164500.0 ], [ 712500.0, 3164500.0 ] ] ] } },
{ "type": "Feature", "properties": { "cell_id": 126, "total_buildings": 100, "buildings_within_400m": 66, "accessibility_pct": 66.0, "avg_distance_m": 347.2, "ndvi_mean": 0.22763447265625, "ndvi_min": 0.017608409747481346, "ndvi_max": 0.5108674168586731, "ndvi_std": 0.095585978370667124 }, "geometry": { "type": "Polygon", "coordinates": [ [ [ 712500.0, 3165000.0 ], [ 712500.0, 3165500.0 ], [ 713000.0, 3165500.0 ], [ 713000.0, 3165000.0 ], [ 712500.0, 3165000.0 ] ] ] } },
{ "type": "Feature", "properties": { "cell_id": 127, "total_buildings": 11, "buildings_within_400m": 11, "accessibility_pct": 100.0, "avg_distance_m": 218.9, "ndvi_mean": 0.43025078125, "ndvi_min": 0.12164009362459183, "ndvi_max": 0.57053554058074951, "ndvi_std": 0.060131244599258039 }, "geometry": { "type": "Polygon", "coordinates": [ [ [ 712500.0, 3165500.0 ], [ 712500.0, 3166000.0 ], [ 713000.0, 3166000.0 ], [ 713000.0, 3165500.0 ], [ 712500.0, 3165500.0 ] ] ] } },
{ "type": "Feature", "properties": { "cell_id": 128, "total_buildings": 2, "buildings_within_400m": 2, "accessibility_pct": 100.0, "avg_distance_m": 0.0, "ndvi_mean": 0.38626840820312502, "ndvi_min": 0.15348836779594421, "ndvi_max": 0.51343554258346558, "ndvi_std": 0.050638298461102564 }, "geometry": { "type": "Polygon", "coordinates": [ [ [ 712500.0, 3166000.0 ], [ 712500.0, 3166500.0 ], [ 713000.0, 3166500.0 ], [ 713000.0, 3166000.0 ], [ 712500.0, 3166000.0 ] ] ] } },
{ "type": "Feature", "properties": { "cell_id": 129, "total_buildings": 1, "buildings_within_400m": 1, "accessibility_pct": 100.0, "avg_distance_m": 65.3, "ndvi_mean": 0.34673435058593749, "ndvi_min": 0.12724214792251587, "ndvi_max": 0.47237879037857056, "ndvi_std": 0.046810325125756669 }, "geometry": { "type": "Polygon", "coordinates": [ [ [ 712500.0, 3166500.0 ], [ 712500.0, 3167000.0 ], [ 713000.0, 3167000.0 ], [ 713000.0, 3166500.0 ], [ 712500.0, 3166500.0 ] ] ] } },
{ "type": "Feature", "properties": { "cell_id": 130, "total_buildings": 1, "buildings_within_400m": 1, "accessibility_pct": 100.0, "avg_distance_m": 0.0, "ndvi_mean": 0.36217939453124998, "ndvi_min": 0.12475442141294479, "ndvi_max": 0.48021391034126282, "ndvi_std": 0.049907578950212521 }, "geometry": { "type": "Polygon", "coordinates": [ [ [ 712500.0, 3167000.0 ], [ 712500.0, 3167500.0 ], [ 713000.0, 3167500.0 ], [ 713000.0, 3167000.0 ], [ 712500.0, 3167000.0 ] ] ] } },
{ "type": "Feature", "properties": { "cell_id": 131, "total_buildings": 28, "buildings_within_400m": 28, "accessibility_pct": 100.0, "avg_distance_m": 201.2, "ndvi_mean": 0.375369970703125, "ndvi_min": 0.12613981962203979, "ndvi_max": 0.48936170339584351, "ndvi_std": 0.058399053734668666 }, "geometry": { "type": "Polygon", "coordinates": [ [ [ 712500.0, 3167500.0 ], [ 712500.0, 3168000.0 ], [ 713000.0, 3168000.0 ], [ 713000.0, 3167500.0 ], [ 712500.0, 3167500.0 ] ] ] } },
{ "type": "Feature", "properties": { "cell_id": 133, "total_buildings": 40, "buildings_within_400m": 40, "accessibility_pct": 100.0, "avg_distance_m": 240.5, "ndvi_mean": 0.37565649414062502, "ndvi_min": 0.067290812730789185, "ndvi_max": 0.5345304012298584, "ndvi_std": 0.086388790461194409 }, "geometry": { "type": "Polygon", "coordinates": [ [ [ 712500.0, 3168500.0 ], [ 712500.0, 3169000.0 ], [ 713000.0, 3169000.0 ], [ 713000.0, 3168500.0 ], [ 712500.0, 3168500.0 ] ] ] } },
{ "type": "Feature", "properties": { "cell_id": 134, "total_buildings": 193, "buildings_within_400m": 193, "accessibility_pct": 100.0, "avg_distance_m": 120.4, "ndvi_mean": 0.20448311767578126, "ndvi_min": 0.010788382031023502, "ndvi_max": 0.42998477816581726, "ndvi_std": 0.10283592309738405 }, "geometry": { "type": "Polygon", "coordinates": [ [ [ 712500.0, 3169000.0 ], [ 712500.0, 3169500.0 ], [ 713000.0, 3169500.0 ], [ 713000.0, 3169000.0 ], [ 712500.0, 3169000.0 ] ] ] } },
{ "type": "Feature", "properties": { "cell_id": 135, "total_buildings": 144, "buildings_within_400m": 144, "accessibility_pct": 100.0, "avg_distance_m": 155.1, "ndvi_mean": 0.218704443359375, "ndvi_min": -0.00079428119352087379, "ndvi_max": 0.47317230701446533, "ndvi_std": 0.093650966907035685 }, "geometry": { "type": "Polygon", "coordinates": [ [ [ 712500.0, 3169500.0 ], [ 712500.0, 3170000.0 ], [ 713000.0, 3170000.0 ], [ 713000.0, 3169500.0 ], [ 712500.0, 3169500.0 ] ] ] } },
{ "type": "Feature", "properties": { "cell_id": 136, "total_buildings": 162, "buildings_within_400m": 162, "accessibility_pct": 100.0, "avg_distance_m": 111.3, "ndvi_mean": 0.1232135498046875, "ndvi_min": -0.0088105723261833191, "ndvi_max": 0.39299610257148743, "ndvi_std": 0.080592990141622481 }, "geometry": { "type": "Polygon", "coordinates": [ [ [ 712500.0, 3170000.0 ], [ 712500.0, 3170500.0 ], [ 713000.0, 3170500.0 ], [ 713000.0, 3170000.0 ], [ 712500.0, 3170000.0 ] ] ] } },
{ "type": "Feature", "properties": { "cell_id": 137, "total_buildings": 199, "buildings_within_400m": 199, "accessibility_pct": 100.0, "avg_distance_m": 70.3, "ndvi_mean": 0.13813214111328126, "ndvi_min": 0.0050505050458014011, "ndvi_max": 0.41286265850067139, "ndvi_std": 0.080441655732852724 }, "geometry": { "type": "Polygon", "coordinates": [ [ [ 712500.0, 3170500.0 ], [ 712500.0, 3171000.0 ], [ 713000.0, 3171000.0 ], [ 713000.0, 3170500.0 ], [ 712500.0, 3170500.0 ] ] ] } },
{ "type": "Feature", "properties": { "cell_id": 138, "total_buildings": 37, "buildings_within_400m": 37, "accessibility_pct": 100.0, "avg_distance_m": 111.6, "ndvi_mean": 0.14299762336575256, "ndvi_min": 0.0, "ndvi_max": 0.44348111748695374, "ndvi_std": 0.13547516083249081 }, "geometry": { "type": "Polygon", "coordinates": [ [ [ 712500.0, 3171000.0 ], [ 712500.0, 3171500.0 ], [ 713000.0, 3171500.0 ], [ 713000.0, 3171000.0 ], [ 712500.0, 3171000.0 ] ] ] } },
{ "type": "Feature", "properties": { "cell_id": 139, "total_buildings": 59, "buildings_within_400m": 43, "accessibility_pct": 72.9, "avg_distance_m": 334.9, "ndvi_mean": 0.23140699736926021, "ndvi_min": 0.0, "ndvi_max": 0.46889418363571167, "ndvi_std": 0.10465598947441455 }, "geometry": { "type": "Polygon", "coordinates": [ [ [ 713000.0, 3160000.0 ], [ 713000.0, 3160500.0 ], [ 713500.0, 3160500.0 ], [ 713500.0, 3160000.0 ], [ 713000.0, 3160000.0 ] ] ] } },
{ "type": "Feature", "properties": { "cell_id": 140, "total_buildings": 107, "buildings_within_400m": 84, "accessibility_pct": 78.5, "avg_distance_m": 317.7, "ndvi_mean": 0.28356767578124997, "ndvi_min": 0.0338028185069561, "ndvi_max": 0.50301039218902588, "ndvi_std": 0.092643000361116848 }, "geometry": { "type": "Polygon", "coordinates": [ [ [ 713000.0, 3160500.0 ], [ 713000.0, 3161000.0 ], [ 713500.0, 3161000.0 ], [ 713500.0, 3160500.0 ], [ 713000.0, 3160500.0 ] ] ] } },
{ "type": "Feature", "properties": { "cell_id": 141, "total_buildings": 141, "buildings_within_400m": 141, "accessibility_pct": 100.0, "avg_distance_m": 123.9, "ndvi_mean": 0.25975971679687498, "ndvi_min": 0.089788056910037994, "ndvi_max": 0.42811670899391174, "ndvi_std": 0.064674226176106742 }, "geometry": { "type": "Polygon", "coordinates": [ [ [ 713000.0, 3161000.0 ], [ 713000.0, 3161500.0 ], [ 713500.0, 3161500.0 ], [ 713500.0, 3161000.0 ], [ 713000.0, 3161000.0 ] ] ] } },
{ "type": "Feature", "properties": { "cell_id": 142, "total_buildings": 100, "buildings_within_400m": 99, "accessibility_pct": 99.0, "avg_distance_m": 244.9, "ndvi_mean": 0.22494897460937499, "ndvi_min": 0.034169942140579224, "ndvi_max": 0.46717411279678345, "ndvi_std": 0.078432902263921106 }, "geometry": { "type": "Polygon", "coordinates": [ [ [ 713000.0, 3161500.0 ], [ 713000.0, 3162000.0 ], [ 713500.0, 3162000.0 ], [ 713500.0, 3161500.0 ], [ 713000.0, 3161500.0 ] ] ] } },
{ "type": "Feature", "properties": { "cell_id": 143, "total_buildings": 64, "buildings_within_400m": 64, "accessibility_pct": 100.0, "avg_distance_m": 86.3, "ndvi_mean": 0.24222736816406251, "ndvi_min": 0.037196766585111618, "ndvi_max": 0.4622378945350647, "ndvi_std": 0.095317452664869351 }, "geometry": { "type": "Polygon", "coordinates": [ [ [ 713000.0, 3162000.0 ], [ 713000.0, 3162500.0 ], [ 713500.0, 3162500.0 ], [ 713500.0, 3162000.0 ], [ 713000.0, 3162000.0 ] ] ] } },
{ "type": "Feature", "properties": { "cell_id": 144, "total_buildings": 95, "buildings_within_400m": 95, "accessibility_pct": 100.0, "avg_distance_m": 186.8, "ndvi_mean": 0.21402844238281249, "ndvi_min": 0.022954091429710388, "ndvi_max": 0.42439401149749756, "ndvi_std": 0.089402481581533091 }, "geometry": { "type": "Polygon", "coordinates": [ [ [ 713000.0, 3162500.0 ], [ 713000.0, 3163000.0 ], [ 713500.0, 3163000.0 ], [ 713500.0, 3162500.0 ], [ 713000.0, 3162500.0 ] ] ] } },
{ "type": "Feature", "properties": { "cell_id": 145, "total_buildings": 108, "buildings_within_400m": 108, "accessibility_pct": 100.0, "avg_distance_m": 71.4, "ndvi_mean": 0.285557177734375, "ndvi_min": 0.074790224432945251, "ndvi_max": 0.52882564067840576, "ndvi_std": 0.090075066808129253 }, "geometry": { "type": "Polygon", "coordinates": [ [ [ 713000.0, 3163000.0 ], [ 713000.0, 3163500.0 ], [ 713500.0, 3163500.0 ], [ 713500.0, 3163000.0 ], [ 713000.0, 3163000.0 ] ] ] } },
{ "type": "Feature", "properties": { "cell_id": 146, "total_buildings": 113, "buildings_within_400m": 113, "accessibility_pct": 100.0, "avg_distance_m": 104.4, "ndvi_mean": 0.26512583007812501, "ndvi_min": 0.052002985030412674, "ndvi_max": 0.44977656006813049, "ndvi_std": 0.067511363605375019 }, "geometry": { "type": "Polygon", "coordinates": [ [ [ 713000.0, 3163500.0 ], [ 713000.0, 3164000.0 ], [ 713500.0, 3164000.0 ], [ 713500.0, 3163500.0 ], [ 713000.0, 3163500.0 ] ] ] } },
{ "type": "Feature", "properties": { "cell_id": 147, "total_buildings": 103, "buildings_within_400m": 103, "accessibility_pct": 100.0, "avg_distance_m": 97.8, "ndvi_mean": 0.26589758300781252, "ndvi_min": 0.034097261726856232, "ndvi_max": 0.4911847710609436, "ndvi_std": 0.088084670689346597 }, "geometry": { "type": "Polygon", "coordinates": [ [ [ 713000.0, 3164000.0 ], [ 713000.0, 3164500.0 ], [ 713500.0, 3164500.0 ], [ 713500.0, 3164000.0 ], [ 713000.0, 3164000.0 ] ] ] } },
{ "type": "Feature", "properties": { "cell_id": 148, "total_buildings": 62, "buildings_within_400m": 60, "accessibility_pct": 96.8, "avg_distance_m": 230.7, "ndvi_mean": 0.24281728515625001, "ndvi_min": 0.034568928182125092, "ndvi_max": 0.4971078634262085, "ndvi_std": 0.10013087686042133 }, "geometry": { "type": "Polygon", "coordinates": [ [ [ 713000.0, 3164500.0 ], [ 713000.0, 3165000.0 ], [ 713500.0, 3165000.0 ], [ 713500.0, 3164500.0 ], [ 713000.0, 3164500.0 ] ] ] } },
{ "type": "Feature", "properties": { "cell_id": 149, "total_buildings": 74, "buildings_within_400m": 74, "accessibility_pct": 100.0, "avg_distance_m": 212.3, "ndvi_mean": 0.22308474121093749, "ndvi_min": -0.033733561635017395, "ndvi_max": 0.4426446259021759, "ndvi_std": 0.094560523711775799 }, "geometry": { "type": "Polygon", "coordinates": [ [ [ 713000.0, 3165000.0 ], [ 713000.0, 3165500.0 ], [ 713500.0, 3165500.0 ], [ 713500.0, 3165000.0 ], [ 713000.0, 3165000.0 ] ] ] } },
{ "type": "Feature", "properties": { "cell_id": 150, "total_buildings": 71, "buildings_within_400m": 71, "accessibility_pct": 100.0, "avg_distance_m": 123.9, "ndvi_mean": 0.293872119140625, "ndvi_min": 0.014979700557887554, "ndvi_max": 0.50441277027130127, "ndvi_std": 0.10209557027872512 }, "geometry": { "type": "Polygon", "coordinates": [ [ [ 713000.0, 3165500.0 ], [ 713000.0, 3166000.0 ], [ 713500.0, 3166000.0 ], [ 713500.0, 3165500.0 ], [ 713000.0, 3165500.0 ] ] ] } },
{ "type": "Feature", "properties": { "cell_id": 151, "total_buildings": 1, "buildings_within_400m": 0, "accessibility_pct": 0.0, "avg_distance_m": 449.3, "ndvi_mean": 0.39808286132812498, "ndvi_min": 0.21672315895557404, "ndvi_max": 0.49991139769554138, "ndvi_std": 0.039545365083746106 }, "geometry": { "type": "Polygon", "coordinates": [ [ [ 713000.0, 3166000.0 ], [ 713000.0, 3166500.0 ], [ 713500.0, 3166500.0 ], [ 713500.0, 3166000.0 ], [ 713000.0, 3166000.0 ] ] ] } },
{ "type": "Feature", "properties": { "cell_id": 152, "total_buildings": 9, "buildings_within_400m": 5, "accessibility_pct": 55.6, "avg_distance_m": 392.7, "ndvi_mean": 0.40744421386718749, "ndvi_min": 0.1191752552986145, "ndvi_max": 0.48900294303894043, "ndvi_std": 0.040297264389072003 }, "geometry": { "type": "Polygon", "coordinates": [ [ [ 713000.0, 3166500.0 ], [ 713000.0, 3167000.0 ], [ 713500.0, 3167000.0 ], [ 713500.0, 3166500.0 ], [ 713000.0, 3166500.0 ] ] ] } },
{ "type": "Feature", "properties": { "cell_id": 153, "total_buildings": 1, "buildings_within_400m": 1, "accessibility_pct": 100.0, "avg_distance_m": 0.0, "ndvi_mean": 0.38721591796874999, "ndvi_min": 0.21418303251266479, "ndvi_max": 0.5033373236656189, "ndvi_std": 0.046026215362796344 }, "geometry": { "type": "Polygon", "coordinates": [ [ [ 713000.0, 3167000.0 ], [ 713000.0, 3167500.0 ], [ 713500.0, 3167500.0 ], [ 713500.0, 3167000.0 ], [ 713000.0, 3167000.0 ] ] ] } },
{ "type": "Feature", "properties": { "cell_id": 154, "total_buildings": 1, "buildings_within_400m": 1, "accessibility_pct": 100.0, "avg_distance_m": 0.0, "ndvi_mean": 0.35580903320312501, "ndvi_min": 0.20168855786323547, "ndvi_max": 0.47883787751197815, "ndvi_std": 0.051475336902973637 }, "geometry": { "type": "Polygon", "coordinates": [ [ [ 713000.0, 3167500.0 ], [ 713000.0, 3168000.0 ], [ 713500.0, 3168000.0 ], [ 713500.0, 3167500.0 ], [ 713000.0, 3167500.0 ] ] ] } },
{ "type": "Feature", "properties": { "cell_id": 155, "total_buildings": 1, "buildings_within_400m": 1, "accessibility_pct": 100.0, "avg_distance_m": 243.0, "ndvi_mean": 0.34898669433593749, "ndvi_min": 0.10937092453241348, "ndvi_max": 0.48746725916862488, "ndvi_std": 0.052881171037965483 }, "geometry": { "type": "Polygon", "coordinates": [ [ [ 713000.0, 3168000.0 ], [ 713000.0, 3168500.0 ], [ 713500.0, 3168500.0 ], [ 713500.0, 3168000.0 ], [ 713000.0, 3168000.0 ] ] ] } },
{ "type": "Feature", "properties": { "cell_id": 156, "total_buildings": 1, "buildings_within_400m": 1, "accessibility_pct": 100.0, "avg_distance_m": 84.2, "ndvi_mean": 0.3800088623046875, "ndvi_min": 0.19266572594642639, "ndvi_max": 0.52887070178985596, "ndvi_std": 0.05765187126867094 }, "geometry": { "type": "Polygon", "coordinates": [ [ [ 713000.0, 3168500.0 ], [ 713000.0, 3169000.0 ], [ 713500.0, 3169000.0 ], [ 713500.0, 3168500.0 ], [ 713000.0, 3168500.0 ] ] ] } },
{ "type": "Feature", "properties": { "cell_id": 157, "total_buildings": 171, "buildings_within_400m": 171, "accessibility_pct": 100.0, "avg_distance_m": 54.7, "ndvi_mean": 0.22529267578125001, "ndvi_min": 0.011287545785307884, "ndvi_max": 0.49913644790649414, "ndvi_std": 0.1196672397347288 }, "geometry": { "type": "Polygon", "coordinates": [ [ [ 713000.0, 3169000.0 ], [ 713000.0, 3169500.0 ], [ 713500.0, 3169500.0 ], [ 713500.0, 3169000.0 ], [ 713000.0, 3169000.0 ] ] ] } },
{ "type": "Feature", "properties": { "cell_id": 158, "total_buildings": 406, "buildings_within_400m": 343, "accessibility_pct": 84.5, "avg_distance_m": 300.2, "ndvi_mean": 0.10240701904296876, "ndvi_min": -0.036960277706384659, "ndvi_max": 0.34447884559631348, "ndvi_std": 0.079772191594311787 }, "geometry": { "type": "Polygon", "coordinates": [ [ [ 713000.0, 3169500.0 ], [ 713000.0, 3170000.0 ], [ 713500.0, 3170000.0 ], [ 713500.0, 3169500.0 ], [ 713000.0, 3169500.0 ] ] ] } },
{ "type": "Feature", "properties": { "cell_id": 159, "total_buildings": 335, "buildings_within_400m": 302, "accessibility_pct": 90.1, "avg_distance_m": 295.0, "ndvi_mean": 0.089107910156249998, "ndvi_min": -0.030105464160442352, "ndvi_max": 0.33358180522918701, "ndvi_std": 0.070230916053756115 }, "geometry": { "type": "Polygon", "coordinates": [ [ [ 713000.0, 3170000.0 ], [ 713000.0, 3170500.0 ], [ 713500.0, 3170500.0 ], [ 713500.0, 3170000.0 ], [ 713000.0, 3170000.0 ] ] ] } },
{ "type": "Feature", "properties": { "cell_id": 160, "total_buildings": 254, "buildings_within_400m": 254, "accessibility_pct": 100.0, "avg_distance_m": 68.5, "ndvi_mean": 0.12497554931640625, "ndvi_min": -0.0049423393793404102, "ndvi_max": 0.34588825702667236, "ndvi_std": 0.075387775655115799 }, "geometry": { "type": "Polygon", "coordinates": [ [ [ 713000.0, 3170500.0 ], [ 713000.0, 3171000.0 ], [ 713500.0, 3171000.0 ], [ 713500.0, 3170500.0 ], [ 713000.0, 3170500.0 ] ] ] } },
{ "type": "Feature", "properties": { "cell_id": 161, "total_buildings": 117, "buildings_within_400m": 117, "accessibility_pct": 100.0, "avg_distance_m": 128.4, "ndvi_mean": 0.055489003706951534, "ndvi_min": -0.024517972022294998, "ndvi_max": 0.30324622988700867, "ndvi_std": 0.069765894054156272 }, "geometry": { "type": "Polygon", "coordinates": [ [ [ 713000.0, 3171000.0 ], [ 713000.0, 3171500.0 ], [ 713500.0, 3171500.0 ], [ 713500.0, 3171000.0 ], [ 713000.0, 3171000.0 ] ] ] } },
{ "type": "Feature", "properties": { "cell_id": 162, "total_buildings": 37, "buildings_within_400m": 28, "accessibility_pct": 75.7, "avg_distance_m": 281.7, "ndvi_mean": 0.27413643973214286, "ndvi_min": 0.0, "ndvi_max": 0.54539132118225098, "ndvi_std": 0.11993489481560862 }, "geometry": { "type": "Polygon", "coordinates": [ [ [ 713500.0, 3160000.0 ], [ 713500.0, 3160500.0 ], [ 714000.0, 3160500.0 ], [ 714000.0, 3160000.0 ], [ 713500.0, 3160000.0 ] ] ] } },
{ "type": "Feature", "properties": { "cell_id": 163, "total_buildings": 102, "buildings_within_400m": 101, "accessibility_pct": 99.0, "avg_distance_m": 172.0, "ndvi_mean": 0.30358347167968752, "ndvi_min": 0.053811658173799515, "ndvi_max": 0.5575101375579834, "ndvi_std": 0.087497359909234407 }, "geometry": { "type": "Polygon", "coordinates": [ [ [ 713500.0, 3160500.0 ], [ 713500.0, 3161000.0 ], [ 714000.0, 3161000.0 ], [ 714000.0, 3160500.0 ], [ 713500.0, 3160500.0 ] ] ] } },
{ "type": "Feature", "properties": { "cell_id": 164, "total_buildings": 144, "buildings_within_400m": 144, "accessibility_pct": 100.0, "avg_distance_m": 89.1, "ndvi_mean": 0.23666772460937499, "ndvi_min": 0.038655463606119156, "ndvi_max": 0.45152929425239563, "ndvi_std": 0.071042838718477413 }, "geometry": { "type": "Polygon", "coordinates": [ [ [ 713500.0, 3161000.0 ], [ 713500.0, 3161500.0 ], [ 714000.0, 3161500.0 ], [ 714000.0, 3161000.0 ], [ 713500.0, 3161000.0 ] ] ] } },
{ "type": "Feature", "properties": { "cell_id": 165, "total_buildings": 86, "buildings_within_400m": 86, "accessibility_pct": 100.0, "avg_distance_m": 171.8, "ndvi_mean": 0.17750003662109376, "ndvi_min": -0.012174743227660656, "ndvi_max": 0.4047619104385376, "ndvi_std": 0.094910538469759068 }, "geometry": { "type": "Polygon", "coordinates": [ [ [ 713500.0, 3161500.0 ], [ 713500.0, 3162000.0 ], [ 714000.0, 3162000.0 ], [ 714000.0, 3161500.0 ], [ 713500.0, 3161500.0 ] ] ] } },
{ "type": "Feature", "properties": { "cell_id": 166, "total_buildings": 58, "buildings_within_400m": 58, "accessibility_pct": 100.0, "avg_distance_m": 164.5, "ndvi_mean": 0.17039958496093749, "ndvi_min": 0.007620660588145256, "ndvi_max": 0.49416908621788025, "ndvi_std": 0.092227303577514338 }, "geometry": { "type": "Polygon", "coordinates": [ [ [ 713500.0, 3162000.0 ], [ 713500.0, 3162500.0 ], [ 714000.0, 3162500.0 ], [ 714000.0, 3162000.0 ], [ 713500.0, 3162000.0 ] ] ] } },
{ "type": "Feature", "properties": { "cell_id": 167, "total_buildings": 50, "buildings_within_400m": 47, "accessibility_pct": 94.0, "avg_distance_m": 305.3, "ndvi_mean": 0.24172954101562499, "ndvi_min": 0.0060096154920756817, "ndvi_max": 0.48087987303733826, "ndvi_std": 0.086022899528384086 }, "geometry": { "type": "Polygon", "coordinates": [ [ [ 713500.0, 3162500.0 ], [ 713500.0, 3163000.0 ], [ 714000.0, 3163000.0 ], [ 714000.0, 3162500.0 ], [ 713500.0, 3162500.0 ] ] ] } },
{ "type": "Feature", "properties": { "cell_id": 168, "total_buildings": 59, "buildings_within_400m": 59, "accessibility_pct": 100.0, "avg_distance_m": 96.4, "ndvi_mean": 0.23308425292968751, "ndvi_min": 0.023041475564241409, "ndvi_max": 0.47096303105354309, "ndvi_std": 0.093907768398575536 }, "geometry": { "type": "Polygon", "coordinates": [ [ [ 713500.0, 3163000.0 ], [ 713500.0, 3163500.0 ], [ 714000.0, 3163500.0 ], [ 714000.0, 3163000.0 ], [ 713500.0, 3163000.0 ] ] ] } },
{ "type": "Feature", "properties": { "cell_id": 169, "total_buildings": 73, "buildings_within_400m": 73, "accessibility_pct": 100.0, "avg_distance_m": 155.4, "ndvi_mean": 0.21026220703125001, "ndvi_min": -0.010765202343463898, "ndvi_max": 0.46062925457954407, "ndvi_std": 0.1069218206390254 }, "geometry": { "type": "Polygon", "coordinates": [ [ [ 713500.0, 3163500.0 ], [ 713500.0, 3164000.0 ], [ 714000.0, 3164000.0 ], [ 714000.0, 3163500.0 ], [ 713500.0, 3163500.0 ] ] ] } },
{ "type": "Feature", "properties": { "cell_id": 170, "total_buildings": 63, "buildings_within_400m": 63, "accessibility_pct": 100.0, "avg_distance_m": 77.9, "ndvi_mean": 0.25421699218749999, "ndvi_min": 0.044626440852880478, "ndvi_max": 0.46446225047111511, "ndvi_std": 0.08699814331440972 }, "geometry": { "type": "Polygon", "coordinates": [ [ [ 713500.0, 3164000.0 ], [ 713500.0, 3164500.0 ], [ 714000.0, 3164500.0 ], [ 714000.0, 3164000.0 ], [ 713500.0, 3164000.0 ] ] ] } },
{ "type": "Feature", "properties": { "cell_id": 171, "total_buildings": 59, "buildings_within_400m": 59, "accessibility_pct": 100.0, "avg_distance_m": 147.7, "ndvi_mean": 0.2624451904296875, "ndvi_min": -0.073317080736160278, "ndvi_max": 0.46481290459632874, "ndvi_std": 0.089602481490990538 }, "geometry": { "type": "Polygon", "coordinates": [ [ [ 713500.0, 3164500.0 ], [ 713500.0, 3165000.0 ], [ 714000.0, 3165000.0 ], [ 714000.0, 3164500.0 ], [ 713500.0, 3164500.0 ] ] ] } },
{ "type": "Feature", "properties": { "cell_id": 172, "total_buildings": 84, "buildings_within_400m": 84, "accessibility_pct": 100.0, "avg_distance_m": 220.4, "ndvi_mean": 0.1973401611328125, "ndvi_min": 0.0097667928785085678, "ndvi_max": 0.43256488442420959, "ndvi_std": 0.10150603208141297 }, "geometry": { "type": "Polygon", "coordinates": [ [ [ 713500.0, 3165000.0 ], [ 713500.0, 3165500.0 ], [ 714000.0, 3165500.0 ], [ 714000.0, 3165000.0 ], [ 713500.0, 3165000.0 ] ] ] } },
{ "type": "Feature", "properties": { "cell_id": 173, "total_buildings": 87, "buildings_within_400m": 87, "accessibility_pct": 100.0, "avg_distance_m": 59.1, "ndvi_mean": 0.2296685546875, "ndvi_min": 0.021969079971313477, "ndvi_max": 0.4472639262676239, "ndvi_std": 0.0959486457685024 }, "geometry": { "type": "Polygon", "coordinates": [ [ [ 713500.0, 3165500.0 ], [ 713500.0, 3166000.0 ], [ 714000.0, 3166000.0 ], [ 714000.0, 3165500.0 ], [ 713500.0, 3165500.0 ] ] ] } },
{ "type": "Feature", "properties": { "cell_id": 174, "total_buildings": 39, "buildings_within_400m": 39, "accessibility_pct": 100.0, "avg_distance_m": 86.8, "ndvi_mean": 0.34771181640624998, "ndvi_min": 0.048775006085634232, "ndvi_max": 0.49144852161407471, "ndvi_std": 0.10688131369559946 }, "geometry": { "type": "Polygon", "coordinates": [ [ [ 713500.0, 3166000.0 ], [ 713500.0, 3166500.0 ], [ 714000.0, 3166500.0 ], [ 714000.0, 3166000.0 ], [ 713500.0, 3166000.0 ] ] ] } },
{ "type": "Feature", "properties": { "cell_id": 176, "total_buildings": 3, "buildings_within_400m": 0, "accessibility_pct": 0.0, "avg_distance_m": 573.8, "ndvi_mean": 0.38712651367187501, "ndvi_min": 0.12974579632282257, "ndvi_max": 0.51074719429016113, "ndvi_std": 0.049199601861636869 }, "geometry": { "type": "Polygon", "coordinates": [ [ [ 713500.0, 3167000.0 ], [ 713500.0, 3167500.0 ], [ 714000.0, 3167500.0 ], [ 714000.0, 3167000.0 ], [ 713500.0, 3167000.0 ] ] ] } },
{ "type": "Feature", "properties": { "cell_id": 180, "total_buildings": 23, "buildings_within_400m": 23, "accessibility_pct": 100.0, "avg_distance_m": 257.4, "ndvi_mean": 0.38534030761718752, "ndvi_min": 0.044124476611614227, "ndvi_max": 0.54994297027587891, "ndvi_std": 0.10002142581079911 }, "geometry": { "type": "Polygon", "coordinates": [ [ [ 713500.0, 3169000.0 ], [ 713500.0, 3169500.0 ], [ 714000.0, 3169500.0 ], [ 714000.0, 3169000.0 ], [ 713500.0, 3169000.0 ] ] ] } },
{ "type": "Feature", "properties": { "cell_id": 181, "total_buildings": 216, "buildings_within_400m": 216, "accessibility_pct": 100.0, "avg_distance_m": 187.5, "ndvi_mean": 0.17840220947265625, "ndvi_min": -0.031956352293491364, "ndvi_max": 0.47524115443229675, "ndvi_std": 0.13994456864221988 }, "geometry": { "type": "Polygon", "coordinates": [ [ [ 713500.0, 3169500.0 ], [ 713500.0, 3170000.0 ], [ 714000.0, 3170000.0 ], [ 714000.0, 3169500.0 ], [ 713500.0, 3169500.0 ] ] ] } },
{ "type": "Feature", "properties": { "cell_id": 182, "total_buildings": 214, "buildings_within_400m": 214, "accessibility_pct": 100.0, "avg_distance_m": 121.2, "ndvi_mean": 0.12541391601562499, "ndvi_min": -0.010404624044895172, "ndvi_max": 0.375314861536026, "ndvi_std": 0.078947754823482097 }, "geometry": { "type": "Polygon", "coordinates": [ [ [ 713500.0, 3170000.0 ], [ 713500.0, 3170500.0 ], [ 714000.0, 3170500.0 ], [ 714000.0, 3170000.0 ], [ 713500.0, 3170000.0 ] ] ] } },
{ "type": "Feature", "properties": { "cell_id": 183, "total_buildings": 409, "buildings_within_400m": 409, "accessibility_pct": 100.0, "avg_distance_m": 80.0, "ndvi_mean": 0.072187603759765628, "ndvi_min": -0.019774612039327621, "ndvi_max": 0.30247694253921509, "ndvi_std": 0.049211034966681687 }, "geometry": { "type": "Polygon", "coordinates": [ [ [ 713500.0, 3170500.0 ], [ 713500.0, 3171000.0 ], [ 714000.0, 3171000.0 ], [ 714000.0, 3170500.0 ], [ 713500.0, 3170500.0 ] ] ] } },
{ "type": "Feature", "properties": { "cell_id": 184, "total_buildings": 148, "buildings_within_400m": 148, "accessibility_pct": 100.0, "avg_distance_m": 249.8, "ndvi_mean": 0.038161692716637434, "ndvi_min": -0.0024999999441206455, "ndvi_max": 0.27064308524131775, "ndvi_std": 0.04632159201188224 }, "geometry": { "type": "Polygon", "coordinates": [ [ [ 713500.0, 3171000.0 ], [ 713500.0, 3171500.0 ], [ 714000.0, 3171500.0 ], [ 714000.0, 3171000.0 ], [ 713500.0, 3171000.0 ] ] ] } },
{ "type": "Feature", "properties": { "cell_id": 185, "total_buildings": 2, "buildings_within_400m": 2, "accessibility_pct": 100.0, "avg_distance_m": 33.8, "ndvi_mean": 0.44114038584183674, "ndvi_min": 0.0, "ndvi_max": 0.55403906106948853, "ndvi_std": 0.072311042658753363 }, "geometry": { "type": "Polygon", "coordinates": [ [ [ 714000.0, 3160000.0 ], [ 714000.0, 3160500.0 ], [ 714500.0, 3160500.0 ], [ 714500.0, 3160000.0 ], [ 714000.0, 3160000.0 ] ] ] } },
{ "type": "Feature", "properties": { "cell_id": 186, "total_buildings": 7, "buildings_within_400m": 7, "accessibility_pct": 100.0, "avg_distance_m": 0.0, "ndvi_mean": 0.34780439453125001, "ndvi_min": 0.054085154086351395, "ndvi_max": 0.57613503932952881, "ndvi_std": 0.12214246071700297 }, "geometry": { "type": "Polygon", "coordinates": [ [ [ 714000.0, 3160500.0 ], [ 714000.0, 3161000.0 ], [ 714500.0, 3161000.0 ], [ 714500.0, 3160500.0 ], [ 714000.0, 3160500.0 ] ] ] } },
{ "type": "Feature", "properties": { "cell_id": 187, "total_buildings": 72, "buildings_within_400m": 72, "accessibility_pct": 100.0, "avg_distance_m": 56.0, "ndvi_mean": 0.20564619140625001, "ndvi_min": -0.0080399224534630775, "ndvi_max": 0.44514107704162598, "ndvi_std": 0.11678056178947882 }, "geometry": { "type": "Polygon", "coordinates": [ [ [ 714000.0, 3161000.0 ], [ 714000.0, 3161500.0 ], [ 714500.0, 3161500.0 ], [ 714500.0, 3161000.0 ], [ 714000.0, 3161000.0 ] ] ] } },
{ "type": "Feature", "properties": { "cell_id": 188, "total_buildings": 121, "buildings_within_400m": 121, "accessibility_pct": 100.0, "avg_distance_m": 52.0, "ndvi_mean": 0.11837310791015625, "ndvi_min": 0.0, "ndvi_max": 0.44235840439796448, "ndvi_std": 0.071822304220668029 }, "geometry": { "type": "Polygon", "coordinates": [ [ [ 714000.0, 3161500.0 ], [ 714000.0, 3162000.0 ], [ 714500.0, 3162000.0 ], [ 714500.0, 3161500.0 ], [ 714000.0, 3161500.0 ] ] ] } },
{ "type": "Feature", "properties": { "cell_id": 189, "total_buildings": 64, "buildings_within_400m": 64, "accessibility_pct": 100.0, "avg_distance_m": 77.4, "ndvi_mean": 0.17104268798828126, "ndvi_min": 0.0017201835289597511, "ndvi_max": 0.44116589426994324, "ndvi_std": 0.10998184541477303 }, "geometry": { "type": "Polygon", "coordinates": [ [ [ 714000.0, 3162000.0 ], [ 714000.0, 3162500.0 ], [ 714500.0, 3162500.0 ], [ 714500.0, 3162000.0 ], [ 714000.0, 3162000.0 ] ] ] } },
{ "type": "Feature", "properties": { "cell_id": 190, "total_buildings": 136, "buildings_within_400m": 136, "accessibility_pct": 100.0, "avg_distance_m": 157.3, "ndvi_mean": 0.22373261718750001, "ndvi_min": 0.01726844534277916, "ndvi_max": 0.44154590368270874, "ndvi_std": 0.095048801623331458 }, "geometry": { "type": "Polygon", "coordinates": [ [ [ 714000.0, 3162500.0 ], [ 714000.0, 3163000.0 ], [ 714500.0, 3163000.0 ], [ 714500.0, 3162500.0 ], [ 714000.0, 3162500.0 ] ] ] } },
{ "type": "Feature", "properties": { "cell_id": 191, "total_buildings": 131, "buildings_within_400m": 131, "accessibility_pct": 100.0, "avg_distance_m": 89.9, "ndvi_mean": 0.17191906738281251, "ndvi_min": -0.0063291140832006931, "ndvi_max": 0.42318156361579895, "ndvi_std": 0.086084352671090061 }, "geometry": { "type": "Polygon", "coordinates": [ [ [ 714000.0, 3163000.0 ], [ 714000.0, 3163500.0 ], [ 714500.0, 3163500.0 ], [ 714500.0, 3163000.0 ], [ 714000.0, 3163000.0 ] ] ] } },
{ "type": "Feature", "properties": { "cell_id": 192, "total_buildings": 81, "buildings_within_400m": 81, "accessibility_pct": 100.0, "avg_distance_m": 136.7, "ndvi_mean": 0.18000092773437501, "ndvi_min": 0.0054221535101532936, "ndvi_max": 0.43796160817146301, "ndvi_std": 0.097323823108245985 }, "geometry": { "type": "Polygon", "coordinates": [ [ [ 714000.0, 3163500.0 ], [ 714000.0, 3164000.0 ], [ 714500.0, 3164000.0 ], [ 714500.0, 3163500.0 ], [ 714000.0, 3163500.0 ] ] ] } },
{ "type": "Feature", "properties": { "cell_id": 193, "total_buildings": 47, "buildings_within_400m": 47, "accessibility_pct": 100.0, "avg_distance_m": 100.1, "ndvi_mean": 0.33439384765625002, "ndvi_min": 0.057186651974916458, "ndvi_max": 0.57083994150161743, "ndvi_std": 0.09839709310772668 }, "geometry": { "type": "Polygon", "coordinates": [ [ [ 714000.0, 3164000.0 ], [ 714000.0, 3164500.0 ], [ 714500.0, 3164500.0 ], [ 714500.0, 3164000.0 ], [ 714000.0, 3164000.0 ] ] ] } },
{ "type": "Feature", "properties": { "cell_id": 194, "total_buildings": 42, "buildings_within_400m": 42, "accessibility_pct": 100.0, "avg_distance_m": 82.5, "ndvi_mean": 0.31092558593750003, "ndvi_min": 0.060388945043087006, "ndvi_max": 0.5338171124458313, "ndvi_std": 0.083752932296339108 }, "geometry": { "type": "Polygon", "coordinates": [ [ [ 714000.0, 3164500.0 ], [ 714000.0, 3165000.0 ], [ 714500.0, 3165000.0 ], [ 714500.0, 3164500.0 ], [ 714000.0, 3164500.0 ] ] ] } },
{ "type": "Feature", "properties": { "cell_id": 195, "total_buildings": 63, "buildings_within_400m": 63, "accessibility_pct": 100.0, "avg_distance_m": 95.3, "ndvi_mean": 0.240358203125, "ndvi_min": 0.0061270557343959808, "ndvi_max": 0.49477744102478027, "ndvi_std": 0.098752051141627786 }, "geometry": { "type": "Polygon", "coordinates": [ [ [ 714000.0, 3165000.0 ], [ 714000.0, 3165500.0 ], [ 714500.0, 3165500.0 ], [ 714500.0, 3165000.0 ], [ 714000.0, 3165000.0 ] ] ] } },
{ "type": "Feature", "properties": { "cell_id": 196, "total_buildings": 52, "buildings_within_400m": 52, "accessibility_pct": 100.0, "avg_distance_m": 75.5, "ndvi_mean": 0.27488059082031252, "ndvi_min": 0.034594245254993439, "ndvi_max": 0.45334625244140625, "ndvi_std": 0.089194563725954037 }, "geometry": { "type": "Polygon", "coordinates": [ [ [ 714000.0, 3165500.0 ], [ 714000.0, 3166000.0 ], [ 714500.0, 3166000.0 ], [ 714500.0, 3165500.0 ], [ 714000.0, 3165500.0 ] ] ] } },
{ "type": "Feature", "properties": { "cell_id": 197, "total_buildings": 74, "buildings_within_400m": 70, "accessibility_pct": 94.6, "avg_distance_m": 193.1, "ndvi_mean": 0.2764364013671875, "ndvi_min": 0.060646302998065948, "ndvi_max": 0.44184261560440063, "ndvi_std": 0.075381503547025941 }, "geometry": { "type": "Polygon", "coordinates": [ [ [ 714000.0, 3166000.0 ], [ 714000.0, 3166500.0 ], [ 714500.0, 3166500.0 ], [ 714500.0, 3166000.0 ], [ 714000.0, 3166000.0 ] ] ] } },
{ "type": "Feature", "properties": { "cell_id": 198, "total_buildings": 42, "buildings_within_400m": 35, "accessibility_pct": 83.3, "avg_distance_m": 273.2, "ndvi_mean": 0.34592119140624999, "ndvi_min": 0.076480261981487274, "ndvi_max": 0.50628721714019775, "ndvi_std": 0.097063281783531644 }, "geometry": { "type": "Polygon", "coordinates": [ [ [ 714000.0, 3166500.0 ], [ 714000.0, 3167000.0 ], [ 714500.0, 3167000.0 ], [ 714500.0, 3166500.0 ], [ 714000.0, 3166500.0 ] ] ] } },
{ "type": "Feature", "properties": { "cell_id": 199, "total_buildings": 1, "buildings_within_400m": 1, "accessibility_pct": 100.0, "avg_distance_m": 49.0, "ndvi_mean": 0.37829926757812499, "ndvi_min": 0.11104387044906616, "ndvi_max": 0.51743239164352417, "ndvi_std": 0.080508830821026306 }, "geometry": { "type": "Polygon", "coordinates": [ [ [ 714000.0, 3167000.0 ], [ 714000.0, 3167500.0 ], [ 714500.0, 3167500.0 ], [ 714500.0, 3167000.0 ], [ 714000.0, 3167000.0 ] ] ] } },
{ "type": "Feature", "properties": { "cell_id": 201, "total_buildings": 10, "buildings_within_400m": 10, "accessibility_pct": 100.0, "avg_distance_m": 18.6, "ndvi_mean": 0.31677673339843748, "ndvi_min": 0.0065725073218345642, "ndvi_max": 0.48387095332145691, "ndvi_std": 0.10622534690025355 }, "geometry": { "type": "Polygon", "coordinates": [ [ [ 714000.0, 3168000.0 ], [ 714000.0, 3168500.0 ], [ 714500.0, 3168500.0 ], [ 714500.0, 3168000.0 ], [ 714000.0, 3168000.0 ] ] ] } },
{ "type": "Feature", "properties": { "cell_id": 202, "total_buildings": 3, "buildings_within_400m": 3, "accessibility_pct": 100.0, "avg_distance_m": 81.9, "ndvi_mean": 0.29943867187500001, "ndvi_min": 0.11508037894964218, "ndvi_max": 0.44482496380805969, "ndvi_std": 0.063452203273164351 }, "geometry": { "type": "Polygon", "coordinates": [ [ [ 714000.0, 3168500.0 ], [ 714000.0, 3169000.0 ], [ 714500.0, 3169000.0 ], [ 714500.0, 3168500.0 ], [ 714000.0, 3168500.0 ] ] ] } },
{ "type": "Feature", "properties": { "cell_id": 203, "total_buildings": 5, "buildings_within_400m": 0, "accessibility_pct": 0.0, "avg_distance_m": 539.6, "ndvi_mean": 0.35552790527343747, "ndvi_min": 0.096680395305156708, "ndvi_max": 0.47415563464164734, "ndvi_std": 0.061761225646887616 }, "geometry": { "type": "Polygon", "coordinates": [ [ [ 714000.0, 3169000.0 ], [ 714000.0, 3169500.0 ], [ 714500.0, 3169500.0 ], [ 714500.0, 3169000.0 ], [ 714000.0, 3169000.0 ] ] ] } },
{ "type": "Feature", "properties": { "cell_id": 204, "total_buildings": 42, "buildings_within_400m": 24, "accessibility_pct": 57.1, "avg_distance_m": 292.4, "ndvi_mean": 0.31926882324218753, "ndvi_min": 0.016001706942915916, "ndvi_max": 0.47383409738540649, "ndvi_std": 0.098914221923997112 }, "geometry": { "type": "Polygon", "coordinates": [ [ [ 714000.0, 3169500.0 ], [ 714000.0, 3170000.0 ], [ 714500.0, 3170000.0 ], [ 714500.0, 3169500.0 ], [ 714000.0, 3169500.0 ] ] ] } },
{ "type": "Feature", "properties": { "cell_id": 205, "total_buildings": 86, "buildings_within_400m": 86, "accessibility_pct": 100.0, "avg_distance_m": 93.4, "ndvi_mean": 0.27864072265625001, "ndvi_min": 0.037311132997274399, "ndvi_max": 0.48322483897209167, "ndvi_std": 0.10753271002097617 }, "geometry": { "type": "Polygon", "coordinates": [ [ [ 714000.0, 3170000.0 ], [ 714000.0, 3170500.0 ], [ 714500.0, 3170500.0 ], [ 714500.0, 3170000.0 ], [ 714000.0, 3170000.0 ] ] ] } },
{ "type": "Feature", "properties": { "cell_id": 206, "total_buildings": 230, "buildings_within_400m": 230, "accessibility_pct": 100.0, "avg_distance_m": 103.2, "ndvi_mean": 0.093797033691406254, "ndvi_min": -0.022509297356009483, "ndvi_max": 0.43430078029632568, "ndvi_std": 0.071748587989650781 }, "geometry": { "type": "Polygon", "coordinates": [ [ [ 714000.0, 3170500.0 ], [ 714000.0, 3171000.0 ], [ 714500.0, 3171000.0 ], [ 714500.0, 3170500.0 ], [ 714000.0, 3170500.0 ] ] ] } },
{ "type": "Feature", "properties": { "cell_id": 207, "total_buildings": 129, "buildings_within_400m": 129, "accessibility_pct": 100.0, "avg_distance_m": 265.7, "ndvi_mean": 0.02698179595324458, "ndvi_min": -0.014265991747379303, "ndvi_max": 0.1982758641242981, "ndvi_std": 0.03238843705488987 }, "geometry": { "type": "Polygon", "coordinates": [ [ [ 714000.0, 3171000.0 ], [ 714000.0, 3171500.0 ], [ 714500.0, 3171500.0 ], [ 714500.0, 3171000.0 ], [ 714000.0, 3171000.0 ] ] ] } },
{ "type": "Feature", "properties": { "cell_id": 208, "total_buildings": 17, "buildings_within_400m": 17, "accessibility_pct": 100.0, "avg_distance_m": 93.5, "ndvi_mean": 0.39323800223214284, "ndvi_min": 0.0, "ndvi_max": 0.55774366855621338, "ndvi_std": 0.10850053094939623 }, "geometry": { "type": "Polygon", "coordinates": [ [ [ 714500.0, 3160000.0 ], [ 714500.0, 3160500.0 ], [ 715000.0, 3160500.0 ], [ 715000.0, 3160000.0 ], [ 714500.0, 3160000.0 ] ] ] } },
{ "type": "Feature", "properties": { "cell_id": 209, "total_buildings": 18, "buildings_within_400m": 18, "accessibility_pct": 100.0, "avg_distance_m": 12.3, "ndvi_mean": 0.36753547363281253, "ndvi_min": 0.058545798063278198, "ndvi_max": 0.54469609260559082, "ndvi_std": 0.10742184905542804 }, "geometry": { "type": "Polygon", "coordinates": [ [ [ 714500.0, 3160500.0 ], [ 714500.0, 3161000.0 ], [ 715000.0, 3161000.0 ], [ 715000.0, 3160500.0 ], [ 714500.0, 3160500.0 ] ] ] } },
{ "type": "Feature", "properties": { "cell_id": 210, "total_buildings": 73, "buildings_within_400m": 73, "accessibility_pct": 100.0, "avg_distance_m": 76.4, "ndvi_mean": 0.1694421142578125, "ndvi_min": -0.0078805470839142799, "ndvi_max": 0.50420922040939331, "ndvi_std": 0.1290952986011609 }, "geometry": { "type": "Polygon", "coordinates": [ [ [ 714500.0, 3161000.0 ], [ 714500.0, 3161500.0 ], [ 715000.0, 3161500.0 ], [ 715000.0, 3161000.0 ], [ 714500.0, 3161000.0 ] ] ] } },
{ "type": "Feature", "properties": { "cell_id": 211, "total_buildings": 125, "buildings_within_400m": 125, "accessibility_pct": 100.0, "avg_distance_m": 79.8, "ndvi_mean": 0.12180791015625, "ndvi_min": -0.0032341526821255684, "ndvi_max": 0.39335131645202637, "ndvi_std": 0.072213499569425951 }, "geometry": { "type": "Polygon", "coordinates": [ [ [ 714500.0, 3161500.0 ], [ 714500.0, 3162000.0 ], [ 715000.0, 3162000.0 ], [ 715000.0, 3161500.0 ], [ 714500.0, 3161500.0 ] ] ] } },
{ "type": "Feature", "properties": { "cell_id": 212, "total_buildings": 78, "buildings_within_400m": 78, "accessibility_pct": 100.0, "avg_distance_m": 121.8, "ndvi_mean": 0.1177675048828125, "ndvi_min": -0.017364075407385826, "ndvi_max": 0.40092554688453674, "ndvi_std": 0.089530276127801553 }, "geometry": { "type": "Polygon", "coordinates": [ [ [ 714500.0, 3162000.0 ], [ 714500.0, 3162500.0 ], [ 715000.0, 3162500.0 ], [ 715000.0, 3162000.0 ], [ 714500.0, 3162000.0 ] ] ] } },
{ "type": "Feature", "properties": { "cell_id": 213, "total_buildings": 75, "buildings_within_400m": 73, "accessibility_pct": 97.3, "avg_distance_m": 133.2, "ndvi_mean": 0.11454609375, "ndvi_min": -0.0083333337679505348, "ndvi_max": 0.39728096127510071, "ndvi_std": 0.083307895464120207 }, "geometry": { "type": "Polygon", "coordinates": [ [ [ 714500.0, 3162500.0 ], [ 714500.0, 3163000.0 ], [ 715000.0, 3163000.0 ], [ 715000.0, 3162500.0 ], [ 714500.0, 3162500.0 ] ] ] } },
{ "type": "Feature", "properties": { "cell_id": 214, "total_buildings": 121, "buildings_within_400m": 121, "accessibility_pct": 100.0, "avg_distance_m": 111.3, "ndvi_mean": 0.10907376708984375, "ndvi_min": -0.019328586757183075, "ndvi_max": 0.34016093611717224, "ndvi_std": 0.069669547081750938 }, "geometry": { "type": "Polygon", "coordinates": [ [ [ 714500.0, 3163000.0 ], [ 714500.0, 3163500.0 ], [ 715000.0, 3163500.0 ], [ 715000.0, 3163000.0 ], [ 714500.0, 3163000.0 ] ] ] } },
{ "type": "Feature", "properties": { "cell_id": 215, "total_buildings": 126, "buildings_within_400m": 126, "accessibility_pct": 100.0, "avg_distance_m": 72.4, "ndvi_mean": 0.2405082763671875, "ndvi_min": 0.017194570973515511, "ndvi_max": 0.42885732650756836, "ndvi_std": 0.079804591989376589 }, "geometry": { "type": "Polygon", "coordinates": [ [ [ 714500.0, 3163500.0 ], [ 714500.0, 3164000.0 ], [ 715000.0, 3164000.0 ], [ 715000.0, 3163500.0 ], [ 714500.0, 3163500.0 ] ] ] } },
{ "type": "Feature", "properties": { "cell_id": 216, "total_buildings": 82, "buildings_within_400m": 82, "accessibility_pct": 100.0, "avg_distance_m": 98.5, "ndvi_mean": 0.33854902343749999, "ndvi_min": 0.12095032632350922, "ndvi_max": 0.52868926525115967, "ndvi_std": 0.074347220568522387 }, "geometry": { "type": "Polygon", "coordinates": [ [ [ 714500.0, 3164000.0 ], [ 714500.0, 3164500.0 ], [ 715000.0, 3164500.0 ], [ 715000.0, 3164000.0 ], [ 714500.0, 3164000.0 ] ] ] } },
{ "type": "Feature", "properties": { "cell_id": 217, "total_buildings": 63, "buildings_within_400m": 63, "accessibility_pct": 100.0, "avg_distance_m": 119.9, "ndvi_mean": 0.32351801757812498, "ndvi_min": 0.043805427849292755, "ndvi_max": 0.54418915510177612, "ndvi_std": 0.078890886949469455 }, "geometry": { "type": "Polygon", "coordinates": [ [ [ 714500.0, 3164500.0 ], [ 714500.0, 3165000.0 ], [ 715000.0, 3165000.0 ], [ 715000.0, 3164500.0 ], [ 714500.0, 3164500.0 ] ] ] } },
{ "type": "Feature", "properties": { "cell_id": 218, "total_buildings": 71, "buildings_within_400m": 71, "accessibility_pct": 100.0, "avg_distance_m": 157.2, "ndvi_mean": 0.2409599609375, "ndvi_min": -0.013414325192570686, "ndvi_max": 0.49085795879364014, "ndvi_std": 0.10517287715098456 }, "geometry": { "type": "Polygon", "coordinates": [ [ [ 714500.0, 3165000.0 ], [ 714500.0, 3165500.0 ], [ 715000.0, 3165500.0 ], [ 715000.0, 3165000.0 ], [ 714500.0, 3165000.0 ] ] ] } },
{ "type": "Feature", "properties": { "cell_id": 219, "total_buildings": 63, "buildings_within_400m": 63, "accessibility_pct": 100.0, "avg_distance_m": 187.2, "ndvi_mean": 0.23537241210937501, "ndvi_min": -0.01144250575453043, "ndvi_max": 0.43910142779350281, "ndvi_std": 0.091492013975532596 }, "geometry": { "type": "Polygon", "coordinates": [ [ [ 714500.0, 3165500.0 ], [ 714500.0, 3166000.0 ], [ 715000.0, 3166000.0 ], [ 715000.0, 3165500.0 ], [ 714500.0, 3165500.0 ] ] ] } },
{ "type": "Feature", "properties": { "cell_id": 220, "total_buildings": 87, "buildings_within_400m": 87, "accessibility_pct": 100.0, "avg_distance_m": 131.9, "ndvi_mean": 0.2641535400390625, "ndvi_min": 0.056478403508663177, "ndvi_max": 0.44917342066764832, "ndvi_std": 0.076793862253424716 }, "geometry": { "type": "Polygon", "coordinates": [ [ [ 714500.0, 3166000.0 ], [ 714500.0, 3166500.0 ], [ 715000.0, 3166500.0 ], [ 715000.0, 3166000.0 ], [ 714500.0, 3166000.0 ] ] ] } },
{ "type": "Feature", "properties": { "cell_id": 221, "total_buildings": 140, "buildings_within_400m": 140, "accessibility_pct": 100.0, "avg_distance_m": 131.1, "ndvi_mean": 0.24841687011718749, "ndvi_min": 0.012583271600306034, "ndvi_max": 0.48094636201858521, "ndvi_std": 0.081999137281718495 }, "geometry": { "type": "Polygon", "coordinates": [ [ [ 714500.0, 3166500.0 ], [ 714500.0, 3167000.0 ], [ 715000.0, 3167000.0 ], [ 715000.0, 3166500.0 ], [ 714500.0, 3166500.0 ] ] ] } },
{ "type": "Feature", "properties": { "cell_id": 222, "total_buildings": 2, "buildings_within_400m": 2, "accessibility_pct": 100.0, "avg_distance_m": 6.3, "ndvi_mean": 0.30640190429687503, "ndvi_min": 0.058379229158163071, "ndvi_max": 0.52239769697189331, "ndvi_std": 0.077799894232025102 }, "geometry": { "type": "Polygon", "coordinates": [ [ [ 714500.0, 3167000.0 ], [ 714500.0, 3167500.0 ], [ 715000.0, 3167500.0 ], [ 715000.0, 3167000.0 ], [ 714500.0, 3167000.0 ] ] ] } },
{ "type": "Feature", "properties": { "cell_id": 224, "total_buildings": 43, "buildings_within_400m": 43, "accessibility_pct": 100.0, "avg_distance_m": 55.7, "ndvi_mean": 0.24406550292968751, "ndvi_min": 0.019984820857644081, "ndvi_max": 0.4197348952293396, "ndvi_std": 0.079827449637364462 }, "geometry": { "type": "Polygon", "coordinates": [ [ [ 714500.0, 3168000.0 ], [ 714500.0, 3168500.0 ], [ 715000.0, 3168500.0 ], [ 715000.0, 3168000.0 ], [ 714500.0, 3168000.0 ] ] ] } },
{ "type": "Feature", "properties": { "cell_id": 225, "total_buildings": 57, "buildings_within_400m": 57, "accessibility_pct": 100.0, "avg_distance_m": 214.3, "ndvi_mean": 0.26236059570312498, "ndvi_min": 0.036240939050912857, "ndvi_max": 0.46109619736671448, "ndvi_std": 0.09272363944286191 }, "geometry": { "type": "Polygon", "coordinates": [ [ [ 714500.0, 3168500.0 ], [ 714500.0, 3169000.0 ], [ 715000.0, 3169000.0 ], [ 715000.0, 3168500.0 ], [ 714500.0, 3168500.0 ] ] ] } },
{ "type": "Feature", "properties": { "cell_id": 226, "total_buildings": 29, "buildings_within_400m": 29, "accessibility_pct": 100.0, "avg_distance_m": 283.3, "ndvi_mean": 0.31257666015625002, "ndvi_min": 0.055720970034599304, "ndvi_max": 0.47572481632232666, "ndvi_std": 0.088546340987955857 }, "geometry": { "type": "Polygon", "coordinates": [ [ [ 714500.0, 3169000.0 ], [ 714500.0, 3169500.0 ], [ 715000.0, 3169500.0 ], [ 715000.0, 3169000.0 ], [ 714500.0, 3169000.0 ] ] ] } },
{ "type": "Feature", "properties": { "cell_id": 227, "total_buildings": 6, "buildings_within_400m": 0, "accessibility_pct": 0.0, "avg_distance_m": 593.0, "ndvi_mean": 0.387653076171875, "ndvi_min": 0.13680703938007355, "ndvi_max": 0.51434290409088135, "ndvi_std": 0.062070913725352832 }, "geometry": { "type": "Polygon", "coordinates": [ [ [ 714500.0, 3169500.0 ], [ 714500.0, 3170000.0 ], [ 715000.0, 3170000.0 ], [ 715000.0, 3169500.0 ], [ 714500.0, 3169500.0 ] ] ] } },
{ "type": "Feature", "properties": { "cell_id": 228, "total_buildings": 11, "buildings_within_400m": 11, "accessibility_pct": 100.0, "avg_distance_m": 317.5, "ndvi_mean": 0.38397900390625, "ndvi_min": 0.1020294725894928, "ndvi_max": 0.49855908751487732, "ndvi_std": 0.057618462312560639 }, "geometry": { "type": "Polygon", "coordinates": [ [ [ 714500.0, 3170000.0 ], [ 714500.0, 3170500.0 ], [ 715000.0, 3170500.0 ], [ 715000.0, 3170000.0 ], [ 714500.0, 3170000.0 ] ] ] } },
{ "type": "Feature", "properties": { "cell_id": 229, "total_buildings": 265, "buildings_within_400m": 265, "accessibility_pct": 100.0, "avg_distance_m": 206.0, "ndvi_mean": 0.10458173828125, "ndvi_min": -0.016151361167430878, "ndvi_max": 0.40874037146568298, "ndvi_std": 0.086824855010606786 }, "geometry": { "type": "Polygon", "coordinates": [ [ [ 714500.0, 3170500.0 ], [ 714500.0, 3171000.0 ], [ 715000.0, 3171000.0 ], [ 715000.0, 3170500.0 ], [ 714500.0, 3170500.0 ] ] ] } },
{ "type": "Feature", "properties": { "cell_id": 230, "total_buildings": 176, "buildings_within_400m": 176, "accessibility_pct": 100.0, "avg_distance_m": 289.5, "ndvi_mean": 0.029436019586057079, "ndvi_min": -0.028753994032740593, "ndvi_max": 0.18237453699111938, "ndvi_std": 0.035217158904000206 }, "geometry": { "type": "Polygon", "coordinates": [ [ [ 714500.0, 3171000.0 ], [ 714500.0, 3171500.0 ], [ 715000.0, 3171500.0 ], [ 715000.0, 3171000.0 ], [ 714500.0, 3171000.0 ] ] ] } },
{ "type": "Feature", "properties": { "cell_id": 231, "total_buildings": 65, "buildings_within_400m": 65, "accessibility_pct": 100.0, "avg_distance_m": 28.4, "ndvi_mean": 0.23297901387117348, "ndvi_min": 0.0, "ndvi_max": 0.49273994565010071, "ndvi_std": 0.11823885549948492 }, "geometry": { "type": "Polygon", "coordinates": [ [ [ 715000.0, 3160000.0 ], [ 715000.0, 3160500.0 ], [ 715500.0, 3160500.0 ], [ 715500.0, 3160000.0 ], [ 715000.0, 3160000.0 ] ] ] } },
{ "type": "Feature", "properties": { "cell_id": 232, "total_buildings": 67, "buildings_within_400m": 67, "accessibility_pct": 100.0, "avg_distance_m": 29.2, "ndvi_mean": 0.29004135742187498, "ndvi_min": 0.025422004982829094, "ndvi_max": 0.47586789727210999, "ndvi_std": 0.13783763312793162 }, "geometry": { "type": "Polygon", "coordinates": [ [ [ 715000.0, 3160500.0 ], [ 715000.0, 3161000.0 ], [ 715500.0, 3161000.0 ], [ 715500.0, 3160500.0 ], [ 715000.0, 3160500.0 ] ] ] } },
{ "type": "Feature", "properties": { "cell_id": 233, "total_buildings": 99, "buildings_within_400m": 99, "accessibility_pct": 100.0, "avg_distance_m": 70.6, "ndvi_mean": 0.1426705810546875, "ndvi_min": -0.0074812965467572212, "ndvi_max": 0.44958710670471191, "ndvi_std": 0.08866396244929832 }, "geometry": { "type": "Polygon", "coordinates": [ [ [ 715000.0, 3161000.0 ], [ 715000.0, 3161500.0 ], [ 715500.0, 3161500.0 ], [ 715500.0, 3161000.0 ], [ 715000.0, 3161000.0 ] ] ] } },
{ "type": "Feature", "properties": { "cell_id": 234, "total_buildings": 71, "buildings_within_400m": 71, "accessibility_pct": 100.0, "avg_distance_m": 189.6, "ndvi_mean": 0.21487919921875001, "ndvi_min": 0.020766772329807281, "ndvi_max": 0.47664162516593933, "ndvi_std": 0.10219378660488274 }, "geometry": { "type": "Polygon", "coordinates": [ [ [ 715000.0, 3161500.0 ], [ 715000.0, 3162000.0 ], [ 715500.0, 3162000.0 ], [ 715500.0, 3161500.0 ], [ 715000.0, 3161500.0 ] ] ] } },
{ "type": "Feature", "properties": { "cell_id": 235, "total_buildings": 74, "buildings_within_400m": 73, "accessibility_pct": 98.6, "avg_distance_m": 185.9, "ndvi_mean": 0.14228188476562501, "ndvi_min": -0.012035583145916462, "ndvi_max": 0.36366945505142212, "ndvi_std": 0.072410343022336524 }, "geometry": { "type": "Polygon", "coordinates": [ [ [ 715000.0, 3162000.0 ], [ 715000.0, 3162500.0 ], [ 715500.0, 3162500.0 ], [ 715500.0, 3162000.0 ], [ 715000.0, 3162000.0 ] ] ] } },
{ "type": "Feature", "properties": { "cell_id": 236, "total_buildings": 98, "buildings_within_400m": 48, "accessibility_pct": 49.0, "avg_distance_m": 394.3, "ndvi_mean": 0.19571806640625, "ndvi_min": 0.0078377136960625648, "ndvi_max": 0.41845664381980896, "ndvi_std": 0.080758680549015985 }, "geometry": { "type": "Polygon", "coordinates": [ [ [ 715000.0, 3162500.0 ], [ 715000.0, 3163000.0 ], [ 715500.0, 3163000.0 ], [ 715500.0, 3162500.0 ], [ 715000.0, 3162500.0 ] ] ] } },
{ "type": "Feature", "properties": { "cell_id": 237, "total_buildings": 109, "buildings_within_400m": 105, "accessibility_pct": 96.3, "avg_distance_m": 254.1, "ndvi_mean": 0.16947789306640626, "ndvi_min": -0.018633540719747543, "ndvi_max": 0.38795801997184753, "ndvi_std": 0.08471384494416645 }, "geometry": { "type": "Polygon", "coordinates": [ [ [ 715000.0, 3163000.0 ], [ 715000.0, 3163500.0 ], [ 715500.0, 3163500.0 ], [ 715500.0, 3163000.0 ], [ 715000.0, 3163000.0 ] ] ] } },
{ "type": "Feature", "properties": { "cell_id": 238, "total_buildings": 84, "buildings_within_400m": 84, "accessibility_pct": 100.0, "avg_distance_m": 112.4, "ndvi_mean": 0.235388037109375, "ndvi_min": 0.044113174080848694, "ndvi_max": 0.42956119775772095, "ndvi_std": 0.072967942304628344 }, "geometry": { "type": "Polygon", "coordinates": [ [ [ 715000.0, 3163500.0 ], [ 715000.0, 3164000.0 ], [ 715500.0, 3164000.0 ], [ 715500.0, 3163500.0 ], [ 715000.0, 3163500.0 ] ] ] } },
{ "type": "Feature", "properties": { "cell_id": 239, "total_buildings": 24, "buildings_within_400m": 24, "accessibility_pct": 100.0, "avg_distance_m": 74.0, "ndvi_mean": 0.30037055664062501, "ndvi_min": 0.074109986424446106, "ndvi_max": 0.51649099588394165, "ndvi_std": 0.089770986075256909 }, "geometry": { "type": "Polygon", "coordinates": [ [ [ 715000.0, 3164000.0 ], [ 715000.0, 3164500.0 ], [ 715500.0, 3164500.0 ], [ 715500.0, 3164000.0 ], [ 715000.0, 3164000.0 ] ] ] } },
{ "type": "Feature", "properties": { "cell_id": 240, "total_buildings": 99, "buildings_within_400m": 94, "accessibility_pct": 94.9, "avg_distance_m": 281.3, "ndvi_mean": 0.29016779785156249, "ndvi_min": 0.080908730626106262, "ndvi_max": 0.47978350520133972, "ndvi_std": 0.088514319153133778 }, "geometry": { "type": "Polygon", "coordinates": [ [ [ 715000.0, 3164500.0 ], [ 715000.0, 3165000.0 ], [ 715500.0, 3165000.0 ], [ 715500.0, 3164500.0 ], [ 715000.0, 3164500.0 ] ] ] } },
{ "type": "Feature", "properties": { "cell_id": 241, "total_buildings": 72, "buildings_within_400m": 60, "accessibility_pct": 83.3, "avg_distance_m": 255.2, "ndvi_mean": 0.26763950195312503, "ndvi_min": 0.06337372213602066, "ndvi_max": 0.46533986926078796, "ndvi_std": 0.079446690870613776 }, "geometry": { "type": "Polygon", "coordinates": [ [ [ 715000.0, 3165000.0 ], [ 715000.0, 3165500.0 ], [ 715500.0, 3165500.0 ], [ 715500.0, 3165000.0 ], [ 715000.0, 3165000.0 ] ] ] } },
{ "type": "Feature", "properties": { "cell_id": 242, "total_buildings": 99, "buildings_within_400m": 99, "accessibility_pct": 100.0, "avg_distance_m": 218.8, "ndvi_mean": 0.28897751464843752, "ndvi_min": 0.052197802811861038, "ndvi_max": 0.48410630226135254, "ndvi_std": 0.08326473367702121 }, "geometry": { "type": "Polygon", "coordinates": [ [ [ 715000.0, 3165500.0 ], [ 715000.0, 3166000.0 ], [ 715500.0, 3166000.0 ], [ 715500.0, 3165500.0 ], [ 715000.0, 3165500.0 ] ] ] } },
{ "type": "Feature", "properties": { "cell_id": 243, "total_buildings": 101, "buildings_within_400m": 101, "accessibility_pct": 100.0, "avg_distance_m": 233.7, "ndvi_mean": 0.25876372070312498, "ndvi_min": 0.060156930238008499, "ndvi_max": 0.4647260308265686, "ndvi_std": 0.076097343081113655 }, "geometry": { "type": "Polygon", "coordinates": [ [ [ 715000.0, 3166000.0 ], [ 715000.0, 3166500.0 ], [ 715500.0, 3166500.0 ], [ 715500.0, 3166000.0 ], [ 715000.0, 3166000.0 ] ] ] } },
{ "type": "Feature", "properties": { "cell_id": 244, "total_buildings": 151, "buildings_within_400m": 151, "accessibility_pct": 100.0, "avg_distance_m": 147.1, "ndvi_mean": 0.1992318115234375, "ndvi_min": 0.0075829382985830307, "ndvi_max": 0.44520977139472961, "ndvi_std": 0.088473646126949898 }, "geometry": { "type": "Polygon", "coordinates": [ [ [ 715000.0, 3166500.0 ], [ 715000.0, 3167000.0 ], [ 715500.0, 3167000.0 ], [ 715500.0, 3166500.0 ], [ 715000.0, 3166500.0 ] ] ] } },
{ "type": "Feature", "properties": { "cell_id": 245, "total_buildings": 28, "buildings_within_400m": 28, "accessibility_pct": 100.0, "avg_distance_m": 82.0, "ndvi_mean": 0.21570903320312501, "ndvi_min": 0.015948962420225143, "ndvi_max": 0.45679011940956116, "ndvi_std": 0.093517794441151186 }, "geometry": { "type": "Polygon", "coordinates": [ [ [ 715000.0, 3167000.0 ], [ 715000.0, 3167500.0 ], [ 715500.0, 3167500.0 ], [ 715500.0, 3167000.0 ], [ 715000.0, 3167000.0 ] ] ] } },
{ "type": "Feature", "properties": { "cell_id": 247, "total_buildings": 62, "buildings_within_400m": 62, "accessibility_pct": 100.0, "avg_distance_m": 110.4, "ndvi_mean": 0.21477026367187499, "ndvi_min": 0.0063977749086916447, "ndvi_max": 0.41747573018074036, "ndvi_std": 0.082569500017719927 }, "geometry": { "type": "Polygon", "coordinates": [ [ [ 715000.0, 3168000.0 ], [ 715000.0, 3168500.0 ], [ 715500.0, 3168500.0 ], [ 715500.0, 3168000.0 ], [ 715000.0, 3168000.0 ] ] ] } },
{ "type": "Feature", "properties": { "cell_id": 248, "total_buildings": 138, "buildings_within_400m": 138, "accessibility_pct": 100.0, "avg_distance_m": 177.4, "ndvi_mean": 0.19959989013671875, "ndvi_min": 0.017167381942272186, "ndvi_max": 0.39835065603256226, "ndvi_std": 0.077475186892622297 }, "geometry": { "type": "Polygon", "coordinates": [ [ [ 715000.0, 3168500.0 ], [ 715000.0, 3169000.0 ], [ 715500.0, 3169000.0 ], [ 715500.0, 3168500.0 ], [ 715000.0, 3168500.0 ] ] ] } },
{ "type": "Feature", "properties": { "cell_id": 249, "total_buildings": 109, "buildings_within_400m": 109, "accessibility_pct": 100.0, "avg_distance_m": 172.8, "ndvi_mean": 0.21023872070312499, "ndvi_min": 0.050735294818878174, "ndvi_max": 0.45861297845840454, "ndvi_std": 0.073263039373269251 }, "geometry": { "type": "Polygon", "coordinates": [ [ [ 715000.0, 3169000.0 ], [ 715000.0, 3169500.0 ], [ 715500.0, 3169500.0 ], [ 715500.0, 3169000.0 ], [ 715000.0, 3169000.0 ] ] ] } },
{ "type": "Feature", "properties": { "cell_id": 250, "total_buildings": 122, "buildings_within_400m": 94, "accessibility_pct": 77.0, "avg_distance_m": 309.4, "ndvi_mean": 0.23045722656250001, "ndvi_min": 0.053446192294359207, "ndvi_max": 0.49138805270195007, "ndvi_std": 0.10285149730866708 }, "geometry": { "type": "Polygon", "coordinates": [ [ [ 715000.0, 3169500.0 ], [ 715000.0, 3170000.0 ], [ 715500.0, 3170000.0 ], [ 715500.0, 3169500.0 ], [ 715000.0, 3169500.0 ] ] ] } },
{ "type": "Feature", "properties": { "cell_id": 251, "total_buildings": 67, "buildings_within_400m": 67, "accessibility_pct": 100.0, "avg_distance_m": 121.6, "ndvi_mean": 0.26771289062499998, "ndvi_min": 0.036906853318214417, "ndvi_max": 0.46262001991271973, "ndvi_std": 0.13392944569046578 }, "geometry": { "type": "Polygon", "coordinates": [ [ [ 715000.0, 3170000.0 ], [ 715000.0, 3170500.0 ], [ 715500.0, 3170500.0 ], [ 715500.0, 3170000.0 ], [ 715000.0, 3170000.0 ] ] ] } },
{ "type": "Feature", "properties": { "cell_id": 252, "total_buildings": 154, "buildings_within_400m": 154, "accessibility_pct": 100.0, "avg_distance_m": 141.2, "ndvi_mean": 0.132181591796875, "ndvi_min": 0.016859851777553558, "ndvi_max": 0.3504023551940918, "ndvi_std": 0.061902756194011352 }, "geometry": { "type": "Polygon", "coordinates": [ [ [ 715000.0, 3170500.0 ], [ 715000.0, 3171000.0 ], [ 715500.0, 3171000.0 ], [ 715500.0, 3170500.0 ], [ 715000.0, 3170500.0 ] ] ] } },
{ "type": "Feature", "properties": { "cell_id": 253, "total_buildings": 60, "buildings_within_400m": 60, "accessibility_pct": 100.0, "avg_distance_m": 305.8, "ndvi_mean": 0.073297019491390308, "ndvi_min": 0.0, "ndvi_max": 0.33070585131645203, "ndvi_std": 0.084200242657212598 }, "geometry": { "type": "Polygon", "coordinates": [ [ [ 715000.0, 3171000.0 ], [ 715000.0, 3171500.0 ], [ 715500.0, 3171500.0 ], [ 715500.0, 3171000.0 ], [ 715000.0, 3171000.0 ] ] ] } },
{ "type": "Feature", "properties": { "cell_id": 254, "total_buildings": 94, "buildings_within_400m": 94, "accessibility_pct": 100.0, "avg_distance_m": 48.5, "ndvi_mean": 0.18820646324936224, "ndvi_min": 0.0, "ndvi_max": 0.43596461415290833, "ndvi_std": 0.096956225937888177 }, "geometry": { "type": "Polygon", "coordinates": [ [ [ 715500.0, 3160000.0 ], [ 715500.0, 3160500.0 ], [ 716000.0, 3160500.0 ], [ 716000.0, 3160000.0 ], [ 715500.0, 3160000.0 ] ] ] } },
{ "type": "Feature", "properties": { "cell_id": 255, "total_buildings": 132, "buildings_within_400m": 132, "accessibility_pct": 100.0, "avg_distance_m": 95.2, "ndvi_mean": 0.134821240234375, "ndvi_min": -0.0017482517287135124, "ndvi_max": 0.40795835852622986, "ndvi_std": 0.084571114558259747 }, "geometry": { "type": "Polygon", "coordinates": [ [ [ 715500.0, 3160500.0 ], [ 715500.0, 3161000.0 ], [ 716000.0, 3161000.0 ], [ 716000.0, 3160500.0 ], [ 715500.0, 3160500.0 ] ] ] } },
{ "type": "Feature", "properties": { "cell_id": 256, "total_buildings": 123, "buildings_within_400m": 123, "accessibility_pct": 100.0, "avg_distance_m": 58.2, "ndvi_mean": 0.122390673828125, "ndvi_min": -0.0055626872926950455, "ndvi_max": 0.37830734252929688, "ndvi_std": 0.076447994333240968 }, "geometry": { "type": "Polygon", "coordinates": [ [ [ 715500.0, 3161000.0 ], [ 715500.0, 3161500.0 ], [ 716000.0, 3161500.0 ], [ 716000.0, 3161000.0 ], [ 715500.0, 3161000.0 ] ] ] } },
{ "type": "Feature", "properties": { "cell_id": 257, "total_buildings": 126, "buildings_within_400m": 123, "accessibility_pct": 97.6, "avg_distance_m": 265.9, "ndvi_mean": 0.19138392333984375, "ndvi_min": 0.020983606576919556, "ndvi_max": 0.45119947195053101, "ndvi_std": 0.083310565185042706 }, "geometry": { "type": "Polygon", "coordinates": [ [ [ 715500.0, 3161500.0 ], [ 715500.0, 3162000.0 ], [ 716000.0, 3162000.0 ], [ 716000.0, 3161500.0 ], [ 715500.0, 3161500.0 ] ] ] } },
{ "type": "Feature", "properties": { "cell_id": 258, "total_buildings": 75, "buildings_within_400m": 75, "accessibility_pct": 100.0, "avg_distance_m": 147.4, "ndvi_mean": 0.17049565429687499, "ndvi_min": 0.022851919755339622, "ndvi_max": 0.36982017755508423, "ndvi_std": 0.078463904363540102 }, "geometry": { "type": "Polygon", "coordinates": [ [ [ 715500.0, 3162000.0 ], [ 715500.0, 3162500.0 ], [ 716000.0, 3162500.0 ], [ 716000.0, 3162000.0 ], [ 715500.0, 3162000.0 ] ] ] } },
{ "type": "Feature", "properties": { "cell_id": 259, "total_buildings": 115, "buildings_within_400m": 111, "accessibility_pct": 96.5, "avg_distance_m": 186.6, "ndvi_mean": 0.2582870849609375, "ndvi_min": 0.083570502698421478, "ndvi_max": 0.45407694578170776, "ndvi_std": 0.068234920216931075 }, "geometry": { "type": "Polygon", "coordinates": [ [ [ 715500.0, 3162500.0 ], [ 715500.0, 3163000.0 ], [ 716000.0, 3163000.0 ], [ 716000.0, 3162500.0 ], [ 715500.0, 3162500.0 ] ] ] } },
{ "type": "Feature", "properties": { "cell_id": 260, "total_buildings": 115, "buildings_within_400m": 113, "accessibility_pct": 98.3, "avg_distance_m": 178.2, "ndvi_mean": 0.24673842773437499, "ndvi_min": 0.081720836460590363, "ndvi_max": 0.41124910116195679, "ndvi_std": 0.063968866990636988 }, "geometry": { "type": "Polygon", "coordinates": [ [ [ 715500.0, 3163000.0 ], [ 715500.0, 3163500.0 ], [ 716000.0, 3163500.0 ], [ 716000.0, 3163000.0 ], [ 715500.0, 3163000.0 ] ] ] } },
{ "type": "Feature", "properties": { "cell_id": 261, "total_buildings": 9, "buildings_within_400m": 9, "accessibility_pct": 100.0, "avg_distance_m": 46.9, "ndvi_mean": 0.20883132324218751, "ndvi_min": 0.045812454074621201, "ndvi_max": 0.40554246306419373, "ndvi_std": 0.074018035943181903 }, "geometry": { "type": "Polygon", "coordinates": [ [ [ 715500.0, 3163500.0 ], [ 715500.0, 3164000.0 ], [ 716000.0, 3164000.0 ], [ 716000.0, 3163500.0 ], [ 715500.0, 3163500.0 ] ] ] } },
{ "type": "Feature", "properties": { "cell_id": 262, "total_buildings": 29, "buildings_within_400m": 29, "accessibility_pct": 100.0, "avg_distance_m": 123.4, "ndvi_mean": 0.28340571289062499, "ndvi_min": 0.054709531366825104, "ndvi_max": 0.51360690593719482, "ndvi_std": 0.102437325078939 }, "geometry": { "type": "Polygon", "coordinates": [ [ [ 715500.0, 3164000.0 ], [ 715500.0, 3164500.0 ], [ 716000.0, 3164500.0 ], [ 716000.0, 3164000.0 ], [ 715500.0, 3164000.0 ] ] ] } },
{ "type": "Feature", "properties": { "cell_id": 263, "total_buildings": 98, "buildings_within_400m": 98, "accessibility_pct": 100.0, "avg_distance_m": 154.0, "ndvi_mean": 0.29888911132812501, "ndvi_min": 0.045891143381595612, "ndvi_max": 0.54573959112167358, "ndvi_std": 0.10615725141671849 }, "geometry": { "type": "Polygon", "coordinates": [ [ [ 715500.0, 3164500.0 ], [ 715500.0, 3165000.0 ], [ 716000.0, 3165000.0 ], [ 716000.0, 3164500.0 ], [ 715500.0, 3164500.0 ] ] ] } },
{ "type": "Feature", "properties": { "cell_id": 264, "total_buildings": 88, "buildings_within_400m": 78, "accessibility_pct": 88.6, "avg_distance_m": 302.8, "ndvi_mean": 0.256145751953125, "ndvi_min": -0.0030244707595556974, "ndvi_max": 0.43417367339134216, "ndvi_std": 0.087361639168132901 }, "geometry": { "type": "Polygon", "coordinates": [ [ [ 715500.0, 3165000.0 ], [ 715500.0, 3165500.0 ], [ 716000.0, 3165500.0 ], [ 716000.0, 3165000.0 ], [ 715500.0, 3165000.0 ] ] ] } },
{ "type": "Feature", "properties": { "cell_id": 265, "total_buildings": 70, "buildings_within_400m": 70, "accessibility_pct": 100.0, "avg_distance_m": 89.4, "ndvi_mean": 0.29553168945312502, "ndvi_min": 0.083669938147068024, "ndvi_max": 0.43403184413909912, "ndvi_std": 0.071832652047455717 }, "geometry": { "type": "Polygon", "coordinates": [ [ [ 715500.0, 3165500.0 ], [ 715500.0, 3166000.0 ], [ 716000.0, 3166000.0 ], [ 716000.0, 3165500.0 ], [ 715500.0, 3165500.0 ] ] ] } },
{ "type": "Feature", "properties": { "cell_id": 266, "total_buildings": 88, "buildings_within_400m": 88, "accessibility_pct": 100.0, "avg_distance_m": 154.6, "ndvi_mean": 0.24025344238281249, "ndvi_min": 0.050134290009737015, "ndvi_max": 0.46398785710334778, "ndvi_std": 0.08021920571026929 }, "geometry": { "type": "Polygon", "coordinates": [ [ [ 715500.0, 3166000.0 ], [ 715500.0, 3166500.0 ], [ 716000.0, 3166500.0 ], [ 716000.0, 3166000.0 ], [ 715500.0, 3166000.0 ] ] ] } },
{ "type": "Feature", "properties": { "cell_id": 267, "total_buildings": 101, "buildings_within_400m": 101, "accessibility_pct": 100.0, "avg_distance_m": 87.8, "ndvi_mean": 0.107874755859375, "ndvi_min": -0.02379634790122509, "ndvi_max": 0.33635210990905762, "ndvi_std": 0.069402874102115333 }, "geometry": { "type": "Polygon", "coordinates": [ [ [ 715500.0, 3166500.0 ], [ 715500.0, 3167000.0 ], [ 716000.0, 3167000.0 ], [ 716000.0, 3166500.0 ], [ 715500.0, 3166500.0 ] ] ] } },
{ "type": "Feature", "properties": { "cell_id": 268, "total_buildings": 9, "buildings_within_400m": 9, "accessibility_pct": 100.0, "avg_distance_m": 34.8, "ndvi_mean": 0.1539601806640625, "ndvi_min": -0.10681871324777603, "ndvi_max": 0.45165723562240601, "ndvi_std": 0.10277921621010092 }, "geometry": { "type": "Polygon", "coordinates": [ [ [ 715500.0, 3167000.0 ], [ 715500.0, 3167500.0 ], [ 716000.0, 3167500.0 ], [ 716000.0, 3167000.0 ], [ 715500.0, 3167000.0 ] ] ] } },
{ "type": "Feature", "properties": { "cell_id": 270, "total_buildings": 65, "buildings_within_400m": 65, "accessibility_pct": 100.0, "avg_distance_m": 122.3, "ndvi_mean": 0.23616201171875001, "ndvi_min": -0.0056063737720251083, "ndvi_max": 0.41584357619285583, "ndvi_std": 0.080450479473978889 }, "geometry": { "type": "Polygon", "coordinates": [ [ [ 715500.0, 3168000.0 ], [ 715500.0, 3168500.0 ], [ 716000.0, 3168500.0 ], [ 716000.0, 3168000.0 ], [ 715500.0, 3168000.0 ] ] ] } },
{ "type": "Feature", "properties": { "cell_id": 271, "total_buildings": 81, "buildings_within_400m": 81, "accessibility_pct": 100.0, "avg_distance_m": 124.1, "ndvi_mean": 0.16860911865234374, "ndvi_min": -0.039312038570642471, "ndvi_max": 0.39537405967712402, "ndvi_std": 0.080809986217595789 }, "geometry": { "type": "Polygon", "coordinates": [ [ [ 715500.0, 3168500.0 ], [ 715500.0, 3169000.0 ], [ 716000.0, 3169000.0 ], [ 716000.0, 3168500.0 ], [ 715500.0, 3168500.0 ] ] ] } },
{ "type": "Feature", "properties": { "cell_id": 272, "total_buildings": 167, "buildings_within_400m": 167, "accessibility_pct": 100.0, "avg_distance_m": 205.9, "ndvi_mean": 0.15531362304687499, "ndvi_min": 0.005659949965775013, "ndvi_max": 0.37064492702484131, "ndvi_std": 0.06934179531343114 }, "geometry": { "type": "Polygon", "coordinates": [ [ [ 715500.0, 3169000.0 ], [ 715500.0, 3169500.0 ], [ 716000.0, 3169500.0 ], [ 716000.0, 3169000.0 ], [ 715500.0, 3169000.0 ] ] ] } },
{ "type": "Feature", "properties": { "cell_id": 273, "total_buildings": 213, "buildings_within_400m": 213, "accessibility_pct": 100.0, "avg_distance_m": 136.7, "ndvi_mean": 0.20036114501953126, "ndvi_min": 0.035246726125478745, "ndvi_max": 0.41785341501235962, "ndvi_std": 0.07107829356645004 }, "geometry": { "type": "Polygon", "coordinates": [ [ [ 715500.0, 3169500.0 ], [ 715500.0, 3170000.0 ], [ 716000.0, 3170000.0 ], [ 716000.0, 3169500.0 ], [ 715500.0, 3169500.0 ] ] ] } },
{ "type": "Feature", "properties": { "cell_id": 274, "total_buildings": 195, "buildings_within_400m": 182, "accessibility_pct": 93.3, "avg_distance_m": 213.6, "ndvi_mean": 0.110912451171875, "ndvi_min": -0.018957346677780151, "ndvi_max": 0.28686636686325073, "ndvi_std": 0.056098162064929388 }, "geometry": { "type": "Polygon", "coordinates": [ [ [ 715500.0, 3170000.0 ], [ 715500.0, 3170500.0 ], [ 716000.0, 3170500.0 ], [ 716000.0, 3170000.0 ], [ 715500.0, 3170000.0 ] ] ] } },
{ "type": "Feature", "properties": { "cell_id": 275, "total_buildings": 136, "buildings_within_400m": 111, "accessibility_pct": 81.6, "avg_distance_m": 265.7, "ndvi_mean": 0.1029171142578125, "ndvi_min": 0.0, "ndvi_max": 0.28695026040077209, "ndvi_std": 0.052787584179225341 }, "geometry": { "type": "Polygon", "coordinates": [ [ [ 715500.0, 3170500.0 ], [ 715500.0, 3171000.0 ], [ 716000.0, 3171000.0 ], [ 716000.0, 3170500.0 ], [ 715500.0, 3170500.0 ] ] ] } },
{ "type": "Feature", "properties": { "cell_id": 276, "total_buildings": 104, "buildings_within_400m": 104, "accessibility_pct": 100.0, "avg_distance_m": 100.2, "ndvi_mean": 0.059255968989158164, "ndvi_min": 0.0, "ndvi_max": 0.27129060029983521, "ndvi_std": 0.063081186034314118 }, "geometry": { "type": "Polygon", "coordinates": [ [ [ 715500.0, 3171000.0 ], [ 715500.0, 3171500.0 ], [ 716000.0, 3171500.0 ], [ 716000.0, 3171000.0 ], [ 715500.0, 3171000.0 ] ] ] } },
{ "type": "Feature", "properties": { "cell_id": 277, "total_buildings": 72, "buildings_within_400m": 72, "accessibility_pct": 100.0, "avg_distance_m": 98.7, "ndvi_mean": 0.19503325793207907, "ndvi_min": 0.0, "ndvi_max": 0.44020172953605652, "ndvi_std": 0.10576661178876585 }, "geometry": { "type": "Polygon", "coordinates": [ [ [ 716000.0, 3160000.0 ], [ 716000.0, 3160500.0 ], [ 716500.0, 3160500.0 ], [ 716500.0, 3160000.0 ], [ 716000.0, 3160000.0 ] ] ] } },
{ "type": "Feature", "properties": { "cell_id": 278, "total_buildings": 118, "buildings_within_400m": 118, "accessibility_pct": 100.0, "avg_distance_m": 46.5, "ndvi_mean": 0.2234563232421875, "ndvi_min": 0.033782463520765305, "ndvi_max": 0.49727678298950195, "ndvi_std": 0.10231836515101439 }, "geometry": { "type": "Polygon", "coordinates": [ [ [ 716000.0, 3160500.0 ], [ 716000.0, 3161000.0 ], [ 716500.0, 3161000.0 ], [ 716500.0, 3160500.0 ], [ 716000.0, 3160500.0 ] ] ] } },
{ "type": "Feature", "properties": { "cell_id": 279, "total_buildings": 74, "buildings_within_400m": 74, "accessibility_pct": 100.0, "avg_distance_m": 94.7, "ndvi_mean": 0.15003734130859375, "ndvi_min": 0.0068540098145604134, "ndvi_max": 0.39328759908676147, "ndvi_std": 0.092251872675190361 }, "geometry": { "type": "Polygon", "coordinates": [ [ [ 716000.0, 3161000.0 ], [ 716000.0, 3161500.0 ], [ 716500.0, 3161500.0 ], [ 716500.0, 3161000.0 ], [ 716000.0, 3161000.0 ] ] ] } },
{ "type": "Feature", "properties": { "cell_id": 280, "total_buildings": 104, "buildings_within_400m": 102, "accessibility_pct": 98.1, "avg_distance_m": 250.0, "ndvi_mean": 0.172053466796875, "ndvi_min": -0.017015069723129272, "ndvi_max": 0.43375557661056519, "ndvi_std": 0.089320700663789665 }, "geometry": { "type": "Polygon", "coordinates": [ [ [ 716000.0, 3161500.0 ], [ 716000.0, 3162000.0 ], [ 716500.0, 3162000.0 ], [ 716500.0, 3161500.0 ], [ 716000.0, 3161500.0 ] ] ] } },
{ "type": "Feature", "properties": { "cell_id": 281, "total_buildings": 70, "buildings_within_400m": 70, "accessibility_pct": 100.0, "avg_distance_m": 88.8, "ndvi_mean": 0.1270649169921875, "ndvi_min": -0.015202702954411507, "ndvi_max": 0.44609847664833069, "ndvi_std": 0.081431130054439818 }, "geometry": { "type": "Polygon", "coordinates": [ [ [ 716000.0, 3162000.0 ], [ 716000.0, 3162500.0 ], [ 716500.0, 3162500.0 ], [ 716500.0, 3162000.0 ], [ 716000.0, 3162000.0 ] ] ] } },
{ "type": "Feature", "properties": { "cell_id": 282, "total_buildings": 67, "buildings_within_400m": 67, "accessibility_pct": 100.0, "avg_distance_m": 118.5, "ndvi_mean": 0.158884814453125, "ndvi_min": -0.0011191942030563951, "ndvi_max": 0.42509225010871887, "ndvi_std": 0.091528238569868761 }, "geometry": { "type": "Polygon", "coordinates": [ [ [ 716000.0, 3162500.0 ], [ 716000.0, 3163000.0 ], [ 716500.0, 3163000.0 ], [ 716500.0, 3162500.0 ], [ 716000.0, 3162500.0 ] ] ] } },
{ "type": "Feature", "properties": { "cell_id": 283, "total_buildings": 87, "buildings_within_400m": 87, "accessibility_pct": 100.0, "avg_distance_m": 87.6, "ndvi_mean": 0.22525649414062501, "ndvi_min": 0.052738334983587265, "ndvi_max": 0.43416103720664978, "ndvi_std": 0.073864772454380639 }, "geometry": { "type": "Polygon", "coordinates": [ [ [ 716000.0, 3163000.0 ], [ 716000.0, 3163500.0 ], [ 716500.0, 3163500.0 ], [ 716500.0, 3163000.0 ], [ 716000.0, 3163000.0 ] ] ] } },
{ "type": "Feature", "properties": { "cell_id": 284, "total_buildings": 15, "buildings_within_400m": 15, "accessibility_pct": 100.0, "avg_distance_m": 94.8, "ndvi_mean": 0.17429649658203125, "ndvi_min": 0.016917293891310692, "ndvi_max": 0.43445435166358948, "ndvi_std": 0.08628741936841422 }, "geometry": { "type": "Polygon", "coordinates": [ [ [ 716000.0, 3163500.0 ], [ 716000.0, 3164000.0 ], [ 716500.0, 3164000.0 ], [ 716500.0, 3163500.0 ], [ 716000.0, 3163500.0 ] ] ] } },
{ "type": "Feature", "properties": { "cell_id": 285, "total_buildings": 47, "buildings_within_400m": 47, "accessibility_pct": 100.0, "avg_distance_m": 49.3, "ndvi_mean": 0.2097304931640625, "ndvi_min": -0.005801160354167223, "ndvi_max": 0.40938165783882141, "ndvi_std": 0.088141895305351978 }, "geometry": { "type": "Polygon", "coordinates": [ [ [ 716000.0, 3164000.0 ], [ 716000.0, 3164500.0 ], [ 716500.0, 3164500.0 ], [ 716500.0, 3164000.0 ], [ 716000.0, 3164000.0 ] ] ] } },
{ "type": "Feature", "properties": { "cell_id": 286, "total_buildings": 74, "buildings_within_400m": 74, "accessibility_pct": 100.0, "avg_distance_m": 125.2, "ndvi_mean": 0.28905222167968753, "ndvi_min": 0.07104385644197464, "ndvi_max": 0.43985441327095032, "ndvi_std": 0.066127300356055657 }, "geometry": { "type": "Polygon", "coordinates": [ [ [ 716000.0, 3164500.0 ], [ 716000.0, 3165000.0 ], [ 716500.0, 3165000.0 ], [ 716500.0, 3164500.0 ], [ 716000.0, 3164500.0 ] ] ] } },
{ "type": "Feature", "properties": { "cell_id": 287, "total_buildings": 92, "buildings_within_400m": 92, "accessibility_pct": 100.0, "avg_distance_m": 212.0, "ndvi_mean": 0.265780029296875, "ndvi_min": 0.043791469186544418, "ndvi_max": 0.43934834003448486, "ndvi_std": 0.071870391612688572 }, "geometry": { "type": "Polygon", "coordinates": [ [ [ 716000.0, 3165000.0 ], [ 716000.0, 3165500.0 ], [ 716500.0, 3165500.0 ], [ 716500.0, 3165000.0 ], [ 716000.0, 3165000.0 ] ] ] } },
{ "type": "Feature", "properties": { "cell_id": 288, "total_buildings": 127, "buildings_within_400m": 127, "accessibility_pct": 100.0, "avg_distance_m": 201.8, "ndvi_mean": 0.27625224609374999, "ndvi_min": 0.054955601692199707, "ndvi_max": 0.45985400676727295, "ndvi_std": 0.068911047325482214 }, "geometry": { "type": "Polygon", "coordinates": [ [ [ 716000.0, 3165500.0 ], [ 716000.0, 3166000.0 ], [ 716500.0, 3166000.0 ], [ 716500.0, 3165500.0 ], [ 716000.0, 3165500.0 ] ] ] } },
{ "type": "Feature", "properties": { "cell_id": 289, "total_buildings": 81, "buildings_within_400m": 81, "accessibility_pct": 100.0, "avg_distance_m": 117.4, "ndvi_mean": 0.28394223632812499, "ndvi_min": 0.070949524641036987, "ndvi_max": 0.44506058096885681, "ndvi_std": 0.070836738002710217 }, "geometry": { "type": "Polygon", "coordinates": [ [ [ 716000.0, 3166000.0 ], [ 716000.0, 3166500.0 ], [ 716500.0, 3166500.0 ], [ 716500.0, 3166000.0 ], [ 716000.0, 3166000.0 ] ] ] } },
{ "type": "Feature", "properties": { "cell_id": 290, "total_buildings": 85, "buildings_within_400m": 85, "accessibility_pct": 100.0, "avg_distance_m": 130.9, "ndvi_mean": 0.17388408203125, "ndvi_min": -0.0097604263573884964, "ndvi_max": 0.41422593593597412, "ndvi_std": 0.098648496200100105 }, "geometry": { "type": "Polygon", "coordinates": [ [ [ 716000.0, 3166500.0 ], [ 716000.0, 3167000.0 ], [ 716500.0, 3167000.0 ], [ 716500.0, 3166500.0 ], [ 716000.0, 3166500.0 ] ] ] } },
{ "type": "Feature", "properties": { "cell_id": 291, "total_buildings": 17, "buildings_within_400m": 17, "accessibility_pct": 100.0, "avg_distance_m": 45.9, "ndvi_mean": 0.16898751220703126, "ndvi_min": -0.055770721286535263, "ndvi_max": 0.43553560972213745, "ndvi_std": 0.091690788567923703 }, "geometry": { "type": "Polygon", "coordinates": [ [ [ 716000.0, 3167000.0 ], [ 716000.0, 3167500.0 ], [ 716500.0, 3167500.0 ], [ 716500.0, 3167000.0 ], [ 716000.0, 3167000.0 ] ] ] } },
{ "type": "Feature", "properties": { "cell_id": 292, "total_buildings": 58, "buildings_within_400m": 58, "accessibility_pct": 100.0, "avg_distance_m": 120.6, "ndvi_mean": 0.16852596435546874, "ndvi_min": 0.0057142856530845165, "ndvi_max": 0.37550362944602966, "ndvi_std": 0.086641318914029708 }, "geometry": { "type": "Polygon", "coordinates": [ [ [ 716000.0, 3167500.0 ], [ 716000.0, 3168000.0 ], [ 716500.0, 3168000.0 ], [ 716500.0, 3167500.0 ], [ 716000.0, 3167500.0 ] ] ] } },
{ "type": "Feature", "properties": { "cell_id": 293, "total_buildings": 56, "buildings_within_400m": 56, "accessibility_pct": 100.0, "avg_distance_m": 181.1, "ndvi_mean": 0.19015902099609375, "ndvi_min": 0.0084602367132902145, "ndvi_max": 0.42234957218170166, "ndvi_std": 0.088282636368948758 }, "geometry": { "type": "Polygon", "coordinates": [ [ [ 716000.0, 3168000.0 ], [ 716000.0, 3168500.0 ], [ 716500.0, 3168500.0 ], [ 716500.0, 3168000.0 ], [ 716000.0, 3168000.0 ] ] ] } },
{ "type": "Feature", "properties": { "cell_id": 294, "total_buildings": 109, "buildings_within_400m": 109, "accessibility_pct": 100.0, "avg_distance_m": 200.4, "ndvi_mean": 0.19057778320312499, "ndvi_min": 0.028131280094385147, "ndvi_max": 0.38802176713943481, "ndvi_std": 0.085533208252414311 }, "geometry": { "type": "Polygon", "coordinates": [ [ [ 716000.0, 3168500.0 ], [ 716000.0, 3169000.0 ], [ 716500.0, 3169000.0 ], [ 716500.0, 3168500.0 ], [ 716000.0, 3168500.0 ] ] ] } },
{ "type": "Feature", "properties": { "cell_id": 295, "total_buildings": 103, "buildings_within_400m": 103, "accessibility_pct": 100.0, "avg_distance_m": 117.9, "ndvi_mean": 0.19127209472656251, "ndvi_min": 0.0024320140946656466, "ndvi_max": 0.38952839374542236, "ndvi_std": 0.084381705541360236 }, "geometry": { "type": "Polygon", "coordinates": [ [ [ 716000.0, 3169000.0 ], [ 716000.0, 3169500.0 ], [ 716500.0, 3169500.0 ], [ 716500.0, 3169000.0 ], [ 716000.0, 3169000.0 ] ] ] } },
{ "type": "Feature", "properties": { "cell_id": 296, "total_buildings": 172, "buildings_within_400m": 133, "accessibility_pct": 77.3, "avg_distance_m": 326.6, "ndvi_mean": 0.16068009033203126, "ndvi_min": 0.0088919289410114288, "ndvi_max": 0.34420356154441833, "ndvi_std": 0.060197044142796308 }, "geometry": { "type": "Polygon", "coordinates": [ [ [ 716000.0, 3169500.0 ], [ 716000.0, 3170000.0 ], [ 716500.0, 3170000.0 ], [ 716500.0, 3169500.0 ], [ 716000.0, 3169500.0 ] ] ] } },
{ "type": "Feature", "properties": { "cell_id": 297, "total_buildings": 340, "buildings_within_400m": 40, "accessibility_pct": 11.8, "avg_distance_m": 487.7, "ndvi_mean": 0.062874664306640626, "ndvi_min": -0.0082469871267676353, "ndvi_max": 0.27436959743499756, "ndvi_std": 0.05381281956133141 }, "geometry": { "type": "Polygon", "coordinates": [ [ [ 716000.0, 3170000.0 ], [ 716000.0, 3170500.0 ], [ 716500.0, 3170500.0 ], [ 716500.0, 3170000.0 ], [ 716000.0, 3170000.0 ] ] ] } },
{ "type": "Feature", "properties": { "cell_id": 298, "total_buildings": 290, "buildings_within_400m": 79, "accessibility_pct": 27.2, "avg_distance_m": 474.6, "ndvi_mean": 0.035991778564453125, "ndvi_min": -0.017969075590372086, "ndvi_max": 0.23243647813796997, "ndvi_std": 0.027936956092091465 }, "geometry": { "type": "Polygon", "coordinates": [ [ [ 716000.0, 3170500.0 ], [ 716000.0, 3171000.0 ], [ 716500.0, 3171000.0 ], [ 716500.0, 3170500.0 ], [ 716000.0, 3170500.0 ] ] ] } },
{ "type": "Feature", "properties": { "cell_id": 299, "total_buildings": 178, "buildings_within_400m": 122, "accessibility_pct": 68.5, "avg_distance_m": 331.4, "ndvi_mean": 0.026267936862244899, "ndvi_min": -0.0046788598410785198, "ndvi_max": 0.18903875350952148, "ndvi_std": 0.028671191622696355 }, "geometry": { "type": "Polygon", "coordinates": [ [ [ 716000.0, 3171000.0 ], [ 716000.0, 3171500.0 ], [ 716500.0, 3171500.0 ], [ 716500.0, 3171000.0 ], [ 716000.0, 3171000.0 ] ] ] } },
{ "type": "Feature", "properties": { "cell_id": 300, "total_buildings": 60, "buildings_within_400m": 60, "accessibility_pct": 100.0, "avg_distance_m": 177.4, "ndvi_mean": 0.2594556660554847, "ndvi_min": 0.0, "ndvi_max": 0.46019488573074341, "ndvi_std": 0.10192732153132915 }, "geometry": { "type": "Polygon", "coordinates": [ [ [ 716500.0, 3160000.0 ], [ 716500.0, 3160500.0 ], [ 717000.0, 3160500.0 ], [ 717000.0, 3160000.0 ], [ 716500.0, 3160000.0 ] ] ] } },
{ "type": "Feature", "properties": { "cell_id": 301, "total_buildings": 116, "buildings_within_400m": 116, "accessibility_pct": 100.0, "avg_distance_m": 87.5, "ndvi_mean": 0.23589169921875, "ndvi_min": 0.033232629299163818, "ndvi_max": 0.42997992038726807, "ndvi_std": 0.091691462770570664 }, "geometry": { "type": "Polygon", "coordinates": [ [ [ 716500.0, 3160500.0 ], [ 716500.0, 3161000.0 ], [ 717000.0, 3161000.0 ], [ 717000.0, 3160500.0 ], [ 716500.0, 3160500.0 ] ] ] } },
{ "type": "Feature", "properties": { "cell_id": 302, "total_buildings": 134, "buildings_within_400m": 134, "accessibility_pct": 100.0, "avg_distance_m": 60.6, "ndvi_mean": 0.19457681884765626, "ndvi_min": 0.0096575943753123283, "ndvi_max": 0.44152888655662537, "ndvi_std": 0.094680013401268762 }, "geometry": { "type": "Polygon", "coordinates": [ [ [ 716500.0, 3161000.0 ], [ 716500.0, 3161500.0 ], [ 717000.0, 3161500.0 ], [ 717000.0, 3161000.0 ], [ 716500.0, 3161000.0 ] ] ] } },
{ "type": "Feature", "properties": { "cell_id": 303, "total_buildings": 79, "buildings_within_400m": 79, "accessibility_pct": 100.0, "avg_distance_m": 130.0, "ndvi_mean": 0.13262652587890625, "ndvi_min": -0.012451890856027603, "ndvi_max": 0.38255032896995544, "ndvi_std": 0.081542344106750417 }, "geometry": { "type": "Polygon", "coordinates": [ [ [ 716500.0, 3161500.0 ], [ 716500.0, 3162000.0 ], [ 717000.0, 3162000.0 ], [ 717000.0, 3161500.0 ], [ 716500.0, 3161500.0 ] ] ] } },
{ "type": "Feature", "properties": { "cell_id": 304, "total_buildings": 83, "buildings_within_400m": 83, "accessibility_pct": 100.0, "avg_distance_m": 108.5, "ndvi_mean": 0.151575, "ndvi_min": 0.014240887947380543, "ndvi_max": 0.38248175382614136, "ndvi_std": 0.078745012526416719 }, "geometry": { "type": "Polygon", "coordinates": [ [ [ 716500.0, 3162000.0 ], [ 716500.0, 3162500.0 ], [ 717000.0, 3162500.0 ], [ 717000.0, 3162000.0 ], [ 716500.0, 3162000.0 ] ] ] } },
{ "type": "Feature", "properties": { "cell_id": 305, "total_buildings": 64, "buildings_within_400m": 64, "accessibility_pct": 100.0, "avg_distance_m": 104.4, "ndvi_mean": 0.18470369873046874, "ndvi_min": 0.026462733745574951, "ndvi_max": 0.48139494657516479, "ndvi_std": 0.096908199297136802 }, "geometry": { "type": "Polygon", "coordinates": [ [ [ 716500.0, 3162500.0 ], [ 716500.0, 3163000.0 ], [ 717000.0, 3163000.0 ], [ 717000.0, 3162500.0 ], [ 716500.0, 3162500.0 ] ] ] } },
{ "type": "Feature", "properties": { "cell_id": 306, "total_buildings": 65, "buildings_within_400m": 65, "accessibility_pct": 100.0, "avg_distance_m": 64.8, "ndvi_mean": 0.22950131835937501, "ndvi_min": 0.014404190704226494, "ndvi_max": 0.4622441828250885, "ndvi_std": 0.09797210205111187 }, "geometry": { "type": "Polygon", "coordinates": [ [ [ 716500.0, 3163000.0 ], [ 716500.0, 3163500.0 ], [ 717000.0, 3163500.0 ], [ 717000.0, 3163000.0 ], [ 716500.0, 3163000.0 ] ] ] } },
{ "type": "Feature", "properties": { "cell_id": 307, "total_buildings": 131, "buildings_within_400m": 131, "accessibility_pct": 100.0, "avg_distance_m": 107.8, "ndvi_mean": 0.207206298828125, "ndvi_min": 0.044173326343297958, "ndvi_max": 0.42668250203132629, "ndvi_std": 0.083483100095159177 }, "geometry": { "type": "Polygon", "coordinates": [ [ [ 716500.0, 3163500.0 ], [ 716500.0, 3164000.0 ], [ 717000.0, 3164000.0 ], [ 717000.0, 3163500.0 ], [ 716500.0, 3163500.0 ] ] ] } },
{ "type": "Feature", "properties": { "cell_id": 308, "total_buildings": 134, "buildings_within_400m": 134, "accessibility_pct": 100.0, "avg_distance_m": 41.5, "ndvi_mean": 0.20367427978515626, "ndvi_min": 0.015786608681082726, "ndvi_max": 0.40746381878852844, "ndvi_std": 0.077130380154918687 }, "geometry": { "type": "Polygon", "coordinates": [ [ [ 716500.0, 3164000.0 ], [ 716500.0, 3164500.0 ], [ 717000.0, 3164500.0 ], [ 717000.0, 3164000.0 ], [ 716500.0, 3164000.0 ] ] ] } },
{ "type": "Feature", "properties": { "cell_id": 309, "total_buildings": 83, "buildings_within_400m": 83, "accessibility_pct": 100.0, "avg_distance_m": 113.0, "ndvi_mean": 0.3014926513671875, "ndvi_min": 0.071501880884170532, "ndvi_max": 0.47116515040397644, "ndvi_std": 0.076266101058749008 }, "geometry": { "type": "Polygon", "coordinates": [ [ [ 716500.0, 3164500.0 ], [ 716500.0, 3165000.0 ], [ 717000.0, 3165000.0 ], [ 717000.0, 3164500.0 ], [ 716500.0, 3164500.0 ] ] ] } },
{ "type": "Feature", "properties": { "cell_id": 310, "total_buildings": 101, "buildings_within_400m": 100, "accessibility_pct": 99.0, "avg_distance_m": 247.9, "ndvi_mean": 0.26692590332031252, "ndvi_min": 0.064177364110946655, "ndvi_max": 0.44319775700569153, "ndvi_std": 0.070795263189764493 }, "geometry": { "type": "Polygon", "coordinates": [ [ [ 716500.0, 3165000.0 ], [ 716500.0, 3165500.0 ], [ 717000.0, 3165500.0 ], [ 717000.0, 3165000.0 ], [ 716500.0, 3165000.0 ] ] ] } },
{ "type": "Feature", "properties": { "cell_id": 311, "total_buildings": 71, "buildings_within_400m": 71, "accessibility_pct": 100.0, "avg_distance_m": 133.2, "ndvi_mean": 0.25145388183593748, "ndvi_min": 0.024707412347197533, "ndvi_max": 0.42508959770202637, "ndvi_std": 0.076477480954938656 }, "geometry": { "type": "Polygon", "coordinates": [ [ [ 716500.0, 3165500.0 ], [ 716500.0, 3166000.0 ], [ 717000.0, 3166000.0 ], [ 717000.0, 3165500.0 ], [ 716500.0, 3165500.0 ] ] ] } },
{ "type": "Feature", "properties": { "cell_id": 312, "total_buildings": 70, "buildings_within_400m": 70, "accessibility_pct": 100.0, "avg_distance_m": 63.3, "ndvi_mean": 0.28906000976562501, "ndvi_min": 0.063953489065170288, "ndvi_max": 0.4787064790725708, "ndvi_std": 0.073013736933065065 }, "geometry": { "type": "Polygon", "coordinates": [ [ [ 716500.0, 3166000.0 ], [ 716500.0, 3166500.0 ], [ 717000.0, 3166500.0 ], [ 717000.0, 3166000.0 ], [ 716500.0, 3166000.0 ] ] ] } },
{ "type": "Feature", "properties": { "cell_id": 313, "total_buildings": 63, "buildings_within_400m": 63, "accessibility_pct": 100.0, "avg_distance_m": 112.7, "ndvi_mean": 0.21085385742187501, "ndvi_min": -0.018557669594883919, "ndvi_max": 0.41066041588783264, "ndvi_std": 0.083662204396569184 }, "geometry": { "type": "Polygon", "coordinates": [ [ [ 716500.0, 3166500.0 ], [ 716500.0, 3167000.0 ], [ 717000.0, 3167000.0 ], [ 717000.0, 3166500.0 ], [ 716500.0, 3166500.0 ] ] ] } },
{ "type": "Feature", "properties": { "cell_id": 314, "total_buildings": 20, "buildings_within_400m": 20, "accessibility_pct": 100.0, "avg_distance_m": 39.8, "ndvi_mean": 0.21025278320312499, "ndvi_min": 0.0092246318235993385, "ndvi_max": 0.42535212635993958, "ndvi_std": 0.091096139839717039 }, "geometry": { "type": "Polygon", "coordinates": [ [ [ 716500.0, 3167000.0 ], [ 716500.0, 3167500.0 ], [ 717000.0, 3167500.0 ], [ 717000.0, 3167000.0 ], [ 716500.0, 3167000.0 ] ] ] } },
{ "type": "Feature", "properties": { "cell_id": 315, "total_buildings": 80, "buildings_within_400m": 80, "accessibility_pct": 100.0, "avg_distance_m": 138.1, "ndvi_mean": 0.22780385742187501, "ndvi_min": 0.0261054877191782, "ndvi_max": 0.42957198619842529, "ndvi_std": 0.087650721428700923 }, "geometry": { "type": "Polygon", "coordinates": [ [ [ 716500.0, 3167500.0 ], [ 716500.0, 3168000.0 ], [ 717000.0, 3168000.0 ], [ 717000.0, 3167500.0 ], [ 716500.0, 3167500.0 ] ] ] } },
{ "type": "Feature", "properties": { "cell_id": 316, "total_buildings": 75, "buildings_within_400m": 75, "accessibility_pct": 100.0, "avg_distance_m": 157.2, "ndvi_mean": 0.21032900390625001, "ndvi_min": 0.0077661033719778061, "ndvi_max": 0.43832021951675415, "ndvi_std": 0.085872333475355958 }, "geometry": { "type": "Polygon", "coordinates": [ [ [ 716500.0, 3168000.0 ], [ 716500.0, 3168500.0 ], [ 717000.0, 3168500.0 ], [ 717000.0, 3168000.0 ], [ 716500.0, 3168000.0 ] ] ] } },
{ "type": "Feature", "properties": { "cell_id": 317, "total_buildings": 76, "buildings_within_400m": 76, "accessibility_pct": 100.0, "avg_distance_m": 74.1, "ndvi_mean": 0.19127745361328125, "ndvi_min": 0.00756429648026824, "ndvi_max": 0.43678930401802063, "ndvi_std": 0.090479662433271407 }, "geometry": { "type": "Polygon", "coordinates": [ [ [ 716500.0, 3168500.0 ], [ 716500.0, 3169000.0 ], [ 717000.0, 3169000.0 ], [ 717000.0, 3168500.0 ], [ 716500.0, 3168500.0 ] ] ] } },
{ "type": "Feature", "properties": { "cell_id": 318, "total_buildings": 82, "buildings_within_400m": 82, "accessibility_pct": 100.0, "avg_distance_m": 96.2, "ndvi_mean": 0.148392626953125, "ndvi_min": 0.020603736862540245, "ndvi_max": 0.3709319531917572, "ndvi_std": 0.073205210110235119 }, "geometry": { "type": "Polygon", "coordinates": [ [ [ 716500.0, 3169000.0 ], [ 716500.0, 3169500.0 ], [ 717000.0, 3169500.0 ], [ 717000.0, 3169000.0 ], [ 716500.0, 3169000.0 ] ] ] } },
{ "type": "Feature", "properties": { "cell_id": 319, "total_buildings": 112, "buildings_within_400m": 105, "accessibility_pct": 93.8, "avg_distance_m": 185.5, "ndvi_mean": 0.17153015136718749, "ndvi_min": 0.021744441241025925, "ndvi_max": 0.40677171945571899, "ndvi_std": 0.077812402352273324 }, "geometry": { "type": "Polygon", "coordinates": [ [ [ 716500.0, 3169500.0 ], [ 716500.0, 3170000.0 ], [ 717000.0, 3170000.0 ], [ 717000.0, 3169500.0 ], [ 716500.0, 3169500.0 ] ] ] } },
{ "type": "Feature", "properties": { "cell_id": 320, "total_buildings": 264, "buildings_within_400m": 239, "accessibility_pct": 90.5, "avg_distance_m": 270.0, "ndvi_mean": 0.085913659667968753, "ndvi_min": -0.0029300963506102562, "ndvi_max": 0.33639198541641235, "ndvi_std": 0.060271384804575556 }, "geometry": { "type": "Polygon", "coordinates": [ [ [ 716500.0, 3170000.0 ], [ 716500.0, 3170500.0 ], [ 717000.0, 3170500.0 ], [ 717000.0, 3170000.0 ], [ 716500.0, 3170000.0 ] ] ] } },
{ "type": "Feature", "properties": { "cell_id": 321, "total_buildings": 211, "buildings_within_400m": 17, "accessibility_pct": 8.1, "avg_distance_m": 548.0, "ndvi_mean": 0.067509930419921871, "ndvi_min": -0.022916244342923164, "ndvi_max": 0.23444612324237823, "ndvi_std": 0.039770145192095513 }, "geometry": { "type": "Polygon", "coordinates": [ [ [ 716500.0, 3170500.0 ], [ 716500.0, 3171000.0 ], [ 717000.0, 3171000.0 ], [ 717000.0, 3170500.0 ], [ 716500.0, 3170500.0 ] ] ] } },
{ "type": "Feature", "properties": { "cell_id": 322, "total_buildings": 49, "buildings_within_400m": 9, "accessibility_pct": 18.4, "avg_distance_m": 447.6, "ndvi_mean": 0.045722450723453441, "ndvi_min": 0.0, "ndvi_max": 0.28341415524482727, "ndvi_std": 0.05467013270999662 }, "geometry": { "type": "Polygon", "coordinates": [ [ [ 716500.0, 3171000.0 ], [ 716500.0, 3171500.0 ], [ 717000.0, 3171500.0 ], [ 717000.0, 3171000.0 ], [ 716500.0, 3171000.0 ] ] ] } },
{ "type": "Feature", "properties": { "cell_id": 323, "total_buildings": 13, "buildings_within_400m": 13, "accessibility_pct": 100.0, "avg_distance_m": 212.3, "ndvi_mean": 0.33735092474489797, "ndvi_min": 0.0, "ndvi_max": 0.5513308048248291, "ndvi_std": 0.12886396278882115 }, "geometry": { "type": "Polygon", "coordinates": [ [ [ 717000.0, 3160000.0 ], [ 717000.0, 3160500.0 ], [ 717500.0, 3160500.0 ], [ 717500.0, 3160000.0 ], [ 717000.0, 3160000.0 ] ] ] } },
{ "type": "Feature", "properties": { "cell_id": 324, "total_buildings": 73, "buildings_within_400m": 73, "accessibility_pct": 100.0, "avg_distance_m": 48.6, "ndvi_mean": 0.2334478515625, "ndvi_min": 0.027272727340459824, "ndvi_max": 0.47747749090194702, "ndvi_std": 0.094416435249201944 }, "geometry": { "type": "Polygon", "coordinates": [ [ [ 717000.0, 3160500.0 ], [ 717000.0, 3161000.0 ], [ 717500.0, 3161000.0 ], [ 717500.0, 3160500.0 ], [ 717000.0, 3160500.0 ] ] ] } },
{ "type": "Feature", "properties": { "cell_id": 325, "total_buildings": 110, "buildings_within_400m": 110, "accessibility_pct": 100.0, "avg_distance_m": 101.8, "ndvi_mean": 0.18718481445312499, "ndvi_min": 0.019371502101421356, "ndvi_max": 0.43064576387405396, "ndvi_std": 0.08335650397087209 }, "geometry": { "type": "Polygon", "coordinates": [ [ [ 717000.0, 3161000.0 ], [ 717000.0, 3161500.0 ], [ 717500.0, 3161500.0 ], [ 717500.0, 3161000.0 ], [ 717000.0, 3161000.0 ] ] ] } },
{ "type": "Feature", "properties": { "cell_id": 326, "total_buildings": 91, "buildings_within_400m": 91, "accessibility_pct": 100.0, "avg_distance_m": 70.7, "ndvi_mean": 0.13675390625, "ndvi_min": 0.0076595745049417019, "ndvi_max": 0.39555889368057251, "ndvi_std": 0.08559124556643298 }, "geometry": { "type": "Polygon", "coordinates": [ [ [ 717000.0, 3161500.0 ], [ 717000.0, 3162000.0 ], [ 717500.0, 3162000.0 ], [ 717500.0, 3161500.0 ], [ 717000.0, 3161500.0 ] ] ] } },
{ "type": "Feature", "properties": { "cell_id": 327, "total_buildings": 208, "buildings_within_400m": 208, "accessibility_pct": 100.0, "avg_distance_m": 121.4, "ndvi_mean": 0.085748797607421878, "ndvi_min": -0.0099818510934710503, "ndvi_max": 0.3320220410823822, "ndvi_std": 0.06083355103776112 }, "geometry": { "type": "Polygon", "coordinates": [ [ [ 717000.0, 3162000.0 ], [ 717000.0, 3162500.0 ], [ 717500.0, 3162500.0 ], [ 717500.0, 3162000.0 ], [ 717000.0, 3162000.0 ] ] ] } },
{ "type": "Feature", "properties": { "cell_id": 328, "total_buildings": 252, "buildings_within_400m": 252, "accessibility_pct": 100.0, "avg_distance_m": 158.2, "ndvi_mean": 0.089228051757812496, "ndvi_min": 0.014849692583084106, "ndvi_max": 0.33571174740791321, "ndvi_std": 0.061598413046110197 }, "geometry": { "type": "Polygon", "coordinates": [ [ [ 717000.0, 3162500.0 ], [ 717000.0, 3163000.0 ], [ 717500.0, 3163000.0 ], [ 717500.0, 3162500.0 ], [ 717000.0, 3162500.0 ] ] ] } },
{ "type": "Feature", "properties": { "cell_id": 329, "total_buildings": 131, "buildings_within_400m": 124, "accessibility_pct": 94.7, "avg_distance_m": 235.8, "ndvi_mean": 0.10760286865234375, "ndvi_min": -0.011118674650788307, "ndvi_max": 0.3310357928276062, "ndvi_std": 0.07072671989361197 }, "geometry": { "type": "Polygon", "coordinates": [ [ [ 717000.0, 3163000.0 ], [ 717000.0, 3163500.0 ], [ 717500.0, 3163500.0 ], [ 717500.0, 3163000.0 ], [ 717000.0, 3163000.0 ] ] ] } },
{ "type": "Feature", "properties": { "cell_id": 330, "total_buildings": 150, "buildings_within_400m": 150, "accessibility_pct": 100.0, "avg_distance_m": 87.3, "ndvi_mean": 0.20810009765625001, "ndvi_min": 0.049512669444084167, "ndvi_max": 0.41312453150749207, "ndvi_std": 0.070332899018902897 }, "geometry": { "type": "Polygon", "coordinates": [ [ [ 717000.0, 3163500.0 ], [ 717000.0, 3164000.0 ], [ 717500.0, 3164000.0 ], [ 717500.0, 3163500.0 ], [ 717000.0, 3163500.0 ] ] ] } },
{ "type": "Feature", "properties": { "cell_id": 331, "total_buildings": 148, "buildings_within_400m": 148, "accessibility_pct": 100.0, "avg_distance_m": 150.8, "ndvi_mean": 0.23795183105468751, "ndvi_min": 0.040957201272249222, "ndvi_max": 0.40536749362945557, "ndvi_std": 0.069267868523882337 }, "geometry": { "type": "Polygon", "coordinates": [ [ [ 717000.0, 3164000.0 ], [ 717000.0, 3164500.0 ], [ 717500.0, 3164500.0 ], [ 717500.0, 3164000.0 ], [ 717000.0, 3164000.0 ] ] ] } },
{ "type": "Feature", "properties": { "cell_id": 332, "total_buildings": 47, "buildings_within_400m": 47, "accessibility_pct": 100.0, "avg_distance_m": 105.5, "ndvi_mean": 0.27204863281250002, "ndvi_min": 0.030818277969956398, "ndvi_max": 0.49501311779022217, "ndvi_std": 0.093878638090449759 }, "geometry": { "type": "Polygon", "coordinates": [ [ [ 717000.0, 3164500.0 ], [ 717000.0, 3165000.0 ], [ 717500.0, 3165000.0 ], [ 717500.0, 3164500.0 ], [ 717000.0, 3164500.0 ] ] ] } },
{ "type": "Feature", "properties": { "cell_id": 333, "total_buildings": 51, "buildings_within_400m": 51, "accessibility_pct": 100.0, "avg_distance_m": 63.6, "ndvi_mean": 0.29504721679687501, "ndvi_min": 0.073426574468612671, "ndvi_max": 0.45362561941146851, "ndvi_std": 0.073295740109840496 }, "geometry": { "type": "Polygon", "coordinates": [ [ [ 717000.0, 3165000.0 ], [ 717000.0, 3165500.0 ], [ 717500.0, 3165500.0 ], [ 717500.0, 3165000.0 ], [ 717000.0, 3165000.0 ] ] ] } },
{ "type": "Feature", "properties": { "cell_id": 334, "total_buildings": 106, "buildings_within_400m": 106, "accessibility_pct": 100.0, "avg_distance_m": 146.6, "ndvi_mean": 0.230615478515625, "ndvi_min": 0.038617886602878571, "ndvi_max": 0.4443243145942688, "ndvi_std": 0.075557521144971204 }, "geometry": { "type": "Polygon", "coordinates": [ [ [ 717000.0, 3165500.0 ], [ 717000.0, 3166000.0 ], [ 717500.0, 3166000.0 ], [ 717500.0, 3165500.0 ], [ 717000.0, 3165500.0 ] ] ] } },
{ "type": "Feature", "properties": { "cell_id": 335, "total_buildings": 76, "buildings_within_400m": 76, "accessibility_pct": 100.0, "avg_distance_m": 95.8, "ndvi_mean": 0.24541079101562499, "ndvi_min": 0.02287893183529377, "ndvi_max": 0.46301019191741943, "ndvi_std": 0.080240253726983041 }, "geometry": { "type": "Polygon", "coordinates": [ [ [ 717000.0, 3166000.0 ], [ 717000.0, 3166500.0 ], [ 717500.0, 3166500.0 ], [ 717500.0, 3166000.0 ], [ 717000.0, 3166000.0 ] ] ] } },
{ "type": "Feature", "properties": { "cell_id": 336, "total_buildings": 98, "buildings_within_400m": 98, "accessibility_pct": 100.0, "avg_distance_m": 104.4, "ndvi_mean": 0.19645588378906251, "ndvi_min": 0.0012843565782532096, "ndvi_max": 0.46375790238380432, "ndvi_std": 0.098259719385695471 }, "geometry": { "type": "Polygon", "coordinates": [ [ [ 717000.0, 3166500.0 ], [ 717000.0, 3167000.0 ], [ 717500.0, 3167000.0 ], [ 717500.0, 3166500.0 ], [ 717000.0, 3166500.0 ] ] ] } },
{ "type": "Feature", "properties": { "cell_id": 337, "total_buildings": 9, "buildings_within_400m": 9, "accessibility_pct": 100.0, "avg_distance_m": 116.0, "ndvi_mean": 0.13953596191406251, "ndvi_min": -0.014242116361856461, "ndvi_max": 0.37048721313476562, "ndvi_std": 0.0993179298876537 }, "geometry": { "type": "Polygon", "coordinates": [ [ [ 717000.0, 3167000.0 ], [ 717000.0, 3167500.0 ], [ 717500.0, 3167500.0 ], [ 717500.0, 3167000.0 ], [ 717000.0, 3167000.0 ] ] ] } },
{ "type": "Feature", "properties": { "cell_id": 338, "total_buildings": 73, "buildings_within_400m": 73, "accessibility_pct": 100.0, "avg_distance_m": 126.6, "ndvi_mean": 0.2460859375, "ndvi_min": 0.016307512298226357, "ndvi_max": 0.45197534561157227, "ndvi_std": 0.080899546710518438 }, "geometry": { "type": "Polygon", "coordinates": [ [ [ 717000.0, 3167500.0 ], [ 717000.0, 3168000.0 ], [ 717500.0, 3168000.0 ], [ 717500.0, 3167500.0 ], [ 717000.0, 3167500.0 ] ] ] } },
{ "type": "Feature", "properties": { "cell_id": 339, "total_buildings": 107, "buildings_within_400m": 107, "accessibility_pct": 100.0, "avg_distance_m": 244.7, "ndvi_mean": 0.2162612548828125, "ndvi_min": 0.016593886539340019, "ndvi_max": 0.43062382936477661, "ndvi_std": 0.078420973614153233 }, "geometry": { "type": "Polygon", "coordinates": [ [ [ 717000.0, 3168000.0 ], [ 717000.0, 3168500.0 ], [ 717500.0, 3168500.0 ], [ 717500.0, 3168000.0 ], [ 717000.0, 3168000.0 ] ] ] } },
{ "type": "Feature", "properties": { "cell_id": 340, "total_buildings": 105, "buildings_within_400m": 90, "accessibility_pct": 85.7, "avg_distance_m": 297.5, "ndvi_mean": 0.148724560546875, "ndvi_min": -0.0079006776213645935, "ndvi_max": 0.37274965643882751, "ndvi_std": 0.085643184485661245 }, "geometry": { "type": "Polygon", "coordinates": [ [ [ 717000.0, 3168500.0 ], [ 717000.0, 3169000.0 ], [ 717500.0, 3169000.0 ], [ 717500.0, 3168500.0 ], [ 717000.0, 3168500.0 ] ] ] } },
{ "type": "Feature", "properties": { "cell_id": 341, "total_buildings": 69, "buildings_within_400m": 66, "accessibility_pct": 95.7, "avg_distance_m": 207.1, "ndvi_mean": 0.12450784912109375, "ndvi_min": -0.012075905688107014, "ndvi_max": 0.38213059306144714, "ndvi_std": 0.078705714443360122 }, "geometry": { "type": "Polygon", "coordinates": [ [ [ 717000.0, 3169000.0 ], [ 717000.0, 3169500.0 ], [ 717500.0, 3169500.0 ], [ 717500.0, 3169000.0 ], [ 717000.0, 3169000.0 ] ] ] } },
{ "type": "Feature", "properties": { "cell_id": 342, "total_buildings": 91, "buildings_within_400m": 91, "accessibility_pct": 100.0, "avg_distance_m": 158.0, "ndvi_mean": 0.15572615966796874, "ndvi_min": 0.014072847552597523, "ndvi_max": 0.41815680265426636, "ndvi_std": 0.074860457983516537 }, "geometry": { "type": "Polygon", "coordinates": [ [ [ 717000.0, 3169500.0 ], [ 717000.0, 3170000.0 ], [ 717500.0, 3170000.0 ], [ 717500.0, 3169500.0 ], [ 717000.0, 3169500.0 ] ] ] } },
{ "type": "Feature", "properties": { "cell_id": 343, "total_buildings": 87, "buildings_within_400m": 87, "accessibility_pct": 100.0, "avg_distance_m": 175.5, "ndvi_mean": 0.10286483154296874, "ndvi_min": -0.0032822757493704557, "ndvi_max": 0.36952847242355347, "ndvi_std": 0.067205348702021162 }, "geometry": { "type": "Polygon", "coordinates": [ [ [ 717000.0, 3170000.0 ], [ 717000.0, 3170500.0 ], [ 717500.0, 3170500.0 ], [ 717500.0, 3170000.0 ], [ 717000.0, 3170000.0 ] ] ] } },
{ "type": "Feature", "properties": { "cell_id": 344, "total_buildings": 70, "buildings_within_400m": 39, "accessibility_pct": 55.7, "avg_distance_m": 364.7, "ndvi_mean": 0.1034467529296875, "ndvi_min": 0.0032213530503213406, "ndvi_max": 0.2845233678817749, "ndvi_std": 0.05634419260012604 }, "geometry": { "type": "Polygon", "coordinates": [ [ [ 717000.0, 3170500.0 ], [ 717000.0, 3171000.0 ], [ 717500.0, 3171000.0 ], [ 717500.0, 3170500.0 ], [ 717000.0, 3170500.0 ] ] ] } },
{ "type": "Feature", "properties": { "cell_id": 345, "total_buildings": 24, "buildings_within_400m": 0, "accessibility_pct": 0.0, "avg_distance_m": 638.2, "ndvi_mean": 0.044341492944834186, "ndvi_min": 0.0, "ndvi_max": 0.29005920886993408, "ndvi_std": 0.056934357501224678 }, "geometry": { "type": "Polygon", "coordinates": [ [ [ 717000.0, 3171000.0 ], [ 717000.0, 3171500.0 ], [ 717500.0, 3171500.0 ], [ 717500.0, 3171000.0 ], [ 717000.0, 3171000.0 ] ] ] } },
{ "type": "Feature", "properties": { "cell_id": 346, "total_buildings": 5, "buildings_within_400m": 5, "accessibility_pct": 100.0, "avg_distance_m": 0.0, "ndvi_mean": 0.42179433394451532, "ndvi_min": 0.0, "ndvi_max": 0.57078796625137329, "ndvi_std": 0.097329867323633606 }, "geometry": { "type": "Polygon", "coordinates": [ [ [ 717500.0, 3160000.0 ], [ 717500.0, 3160500.0 ], [ 718000.0, 3160500.0 ], [ 718000.0, 3160000.0 ], [ 717500.0, 3160000.0 ] ] ] } },
{ "type": "Feature", "properties": { "cell_id": 347, "total_buildings": 57, "buildings_within_400m": 57, "accessibility_pct": 100.0, "avg_distance_m": 70.4, "ndvi_mean": 0.25202846679687502, "ndvi_min": 0.029013538733124733, "ndvi_max": 0.50228792428970337, "ndvi_std": 0.10732217714586879 }, "geometry": { "type": "Polygon", "coordinates": [ [ [ 717500.0, 3160500.0 ], [ 717500.0, 3161000.0 ], [ 718000.0, 3161000.0 ], [ 718000.0, 3160500.0 ], [ 717500.0, 3160500.0 ] ] ] } },
{ "type": "Feature", "properties": { "cell_id": 348, "total_buildings": 117, "buildings_within_400m": 117, "accessibility_pct": 100.0, "avg_distance_m": 82.4, "ndvi_mean": 0.21254160156249999, "ndvi_min": -0.00049043650506064296, "ndvi_max": 0.46075084805488586, "ndvi_std": 0.084769337626606447 }, "geometry": { "type": "Polygon", "coordinates": [ [ [ 717500.0, 3161000.0 ], [ 717500.0, 3161500.0 ], [ 718000.0, 3161500.0 ], [ 718000.0, 3161000.0 ], [ 717500.0, 3161000.0 ] ] ] } },
{ "type": "Feature", "properties": { "cell_id": 349, "total_buildings": 119, "buildings_within_400m": 119, "accessibility_pct": 100.0, "avg_distance_m": 111.3, "ndvi_mean": 0.23095168457031251, "ndvi_min": 0.028674760833382607, "ndvi_max": 0.46169492602348328, "ndvi_std": 0.087793486057842499 }, "geometry": { "type": "Polygon", "coordinates": [ [ [ 717500.0, 3161500.0 ], [ 717500.0, 3162000.0 ], [ 718000.0, 3162000.0 ], [ 718000.0, 3161500.0 ], [ 717500.0, 3161500.0 ] ] ] } },
{ "type": "Feature", "properties": { "cell_id": 350, "total_buildings": 209, "buildings_within_400m": 209, "accessibility_pct": 100.0, "avg_distance_m": 166.6, "ndvi_mean": 0.09671573486328125, "ndvi_min": -0.016083737835288048, "ndvi_max": 0.3653198778629303, "ndvi_std": 0.073360530208260305 }, "geometry": { "type": "Polygon", "coordinates": [ [ [ 717500.0, 3162000.0 ], [ 717500.0, 3162500.0 ], [ 718000.0, 3162500.0 ], [ 718000.0, 3162000.0 ], [ 717500.0, 3162000.0 ] ] ] } },
{ "type": "Feature", "properties": { "cell_id": 351, "total_buildings": 414, "buildings_within_400m": 361, "accessibility_pct": 87.2, "avg_distance_m": 293.7, "ndvi_mean": 0.062103021240234375, "ndvi_min": -0.012311901897192001, "ndvi_max": 0.32131028175354004, "ndvi_std": 0.049144308399638861 }, "geometry": { "type": "Polygon", "coordinates": [ [ [ 717500.0, 3162500.0 ], [ 717500.0, 3163000.0 ], [ 718000.0, 3163000.0 ], [ 718000.0, 3162500.0 ], [ 717500.0, 3162500.0 ] ] ] } },
{ "type": "Feature", "properties": { "cell_id": 352, "total_buildings": 97, "buildings_within_400m": 64, "accessibility_pct": 66.0, "avg_distance_m": 343.9, "ndvi_mean": 0.1134579833984375, "ndvi_min": -0.0010712372604757547, "ndvi_max": 0.34029227495193481, "ndvi_std": 0.065610556638625625 }, "geometry": { "type": "Polygon", "coordinates": [ [ [ 717500.0, 3163000.0 ], [ 717500.0, 3163500.0 ], [ 718000.0, 3163500.0 ], [ 718000.0, 3163000.0 ], [ 717500.0, 3163000.0 ] ] ] } },
{ "type": "Feature", "properties": { "cell_id": 353, "total_buildings": 129, "buildings_within_400m": 129, "accessibility_pct": 100.0, "avg_distance_m": 118.9, "ndvi_mean": 0.204867724609375, "ndvi_min": 0.055052265524864197, "ndvi_max": 0.40000000596046448, "ndvi_std": 0.067547993746587168 }, "geometry": { "type": "Polygon", "coordinates": [ [ [ 717500.0, 3163500.0 ], [ 717500.0, 3164000.0 ], [ 718000.0, 3164000.0 ], [ 718000.0, 3163500.0 ], [ 717500.0, 3163500.0 ] ] ] } },
{ "type": "Feature", "properties": { "cell_id": 354, "total_buildings": 154, "buildings_within_400m": 154, "accessibility_pct": 100.0, "avg_distance_m": 114.4, "ndvi_mean": 0.20000024414062501, "ndvi_min": 0.038043476641178131, "ndvi_max": 0.39280691742897034, "ndvi_std": 0.070018285206725817 }, "geometry": { "type": "Polygon", "coordinates": [ [ [ 717500.0, 3164000.0 ], [ 717500.0, 3164500.0 ], [ 718000.0, 3164500.0 ], [ 718000.0, 3164000.0 ], [ 717500.0, 3164000.0 ] ] ] } },
{ "type": "Feature", "properties": { "cell_id": 355, "total_buildings": 122, "buildings_within_400m": 122, "accessibility_pct": 100.0, "avg_distance_m": 184.9, "ndvi_mean": 0.22708801269531251, "ndvi_min": 0.023346303030848503, "ndvi_max": 0.42315554618835449, "ndvi_std": 0.088458601018769567 }, "geometry": { "type": "Polygon", "coordinates": [ [ [ 717500.0, 3164500.0 ], [ 717500.0, 3165000.0 ], [ 718000.0, 3165000.0 ], [ 718000.0, 3164500.0 ], [ 717500.0, 3164500.0 ] ] ] } },
{ "type": "Feature", "properties": { "cell_id": 356, "total_buildings": 74, "buildings_within_400m": 74, "accessibility_pct": 100.0, "avg_distance_m": 245.3, "ndvi_mean": 0.245323193359375, "ndvi_min": 0.047220107167959213, "ndvi_max": 0.41639697551727295, "ndvi_std": 0.072579771714954847 }, "geometry": { "type": "Polygon", "coordinates": [ [ [ 717500.0, 3165000.0 ], [ 717500.0, 3165500.0 ], [ 718000.0, 3165500.0 ], [ 718000.0, 3165000.0 ], [ 717500.0, 3165000.0 ] ] ] } },
{ "type": "Feature", "properties": { "cell_id": 357, "total_buildings": 96, "buildings_within_400m": 96, "accessibility_pct": 100.0, "avg_distance_m": 175.6, "ndvi_mean": 0.201979248046875, "ndvi_min": 0.021153047680854797, "ndvi_max": 0.38390803337097168, "ndvi_std": 0.08060462399564268 }, "geometry": { "type": "Polygon", "coordinates": [ [ [ 717500.0, 3165500.0 ], [ 717500.0, 3166000.0 ], [ 718000.0, 3166000.0 ], [ 718000.0, 3165500.0 ], [ 717500.0, 3165500.0 ] ] ] } },
{ "type": "Feature", "properties": { "cell_id": 358, "total_buildings": 139, "buildings_within_400m": 139, "accessibility_pct": 100.0, "avg_distance_m": 105.3, "ndvi_mean": 0.22230400390624999, "ndvi_min": 0.033827442675828934, "ndvi_max": 0.39130434393882751, "ndvi_std": 0.0650197098187245 }, "geometry": { "type": "Polygon", "coordinates": [ [ [ 717500.0, 3166000.0 ], [ 717500.0, 3166500.0 ], [ 718000.0, 3166500.0 ], [ 718000.0, 3166000.0 ], [ 717500.0, 3166000.0 ] ] ] } },
{ "type": "Feature", "properties": { "cell_id": 359, "total_buildings": 97, "buildings_within_400m": 97, "accessibility_pct": 100.0, "avg_distance_m": 118.4, "ndvi_mean": 0.21478344726562501, "ndvi_min": 0.014751552604138851, "ndvi_max": 0.39233717322349548, "ndvi_std": 0.069830538114893245 }, "geometry": { "type": "Polygon", "coordinates": [ [ [ 717500.0, 3166500.0 ], [ 717500.0, 3167000.0 ], [ 718000.0, 3167000.0 ], [ 718000.0, 3166500.0 ], [ 717500.0, 3166500.0 ] ] ] } },
{ "type": "Feature", "properties": { "cell_id": 360, "total_buildings": 7, "buildings_within_400m": 7, "accessibility_pct": 100.0, "avg_distance_m": 34.6, "ndvi_mean": 0.17506616210937501, "ndvi_min": -0.02047685906291008, "ndvi_max": 0.46914789080619812, "ndvi_std": 0.096041756767996034 }, "geometry": { "type": "Polygon", "coordinates": [ [ [ 717500.0, 3167000.0 ], [ 717500.0, 3167500.0 ], [ 718000.0, 3167500.0 ], [ 718000.0, 3167000.0 ], [ 717500.0, 3167000.0 ] ] ] } },
{ "type": "Feature", "properties": { "cell_id": 362, "total_buildings": 50, "buildings_within_400m": 50, "accessibility_pct": 100.0, "avg_distance_m": 224.0, "ndvi_mean": 0.23785395507812501, "ndvi_min": 0.029020143672823906, "ndvi_max": 0.46666666865348816, "ndvi_std": 0.077763071600934569 }, "geometry": { "type": "Polygon", "coordinates": [ [ [ 717500.0, 3168000.0 ], [ 717500.0, 3168500.0 ], [ 718000.0, 3168500.0 ], [ 718000.0, 3168000.0 ], [ 717500.0, 3168000.0 ] ] ] } },
{ "type": "Feature", "properties": { "cell_id": 363, "total_buildings": 79, "buildings_within_400m": 77, "accessibility_pct": 97.5, "avg_distance_m": 245.7, "ndvi_mean": 0.19667294921875, "ndvi_min": -0.016847172752022743, "ndvi_max": 0.39969718456268311, "ndvi_std": 0.085900655558871955 }, "geometry": { "type": "Polygon", "coordinates": [ [ [ 717500.0, 3168500.0 ], [ 717500.0, 3169000.0 ], [ 718000.0, 3169000.0 ], [ 718000.0, 3168500.0 ], [ 717500.0, 3168500.0 ] ] ] } },
{ "type": "Feature", "properties": { "cell_id": 364, "total_buildings": 80, "buildings_within_400m": 72, "accessibility_pct": 90.0, "avg_distance_m": 208.5, "ndvi_mean": 0.13173685302734375, "ndvi_min": -0.0056925998069345951, "ndvi_max": 0.37549659609794617, "ndvi_std": 0.070163726315259675 }, "geometry": { "type": "Polygon", "coordinates": [ [ [ 717500.0, 3169000.0 ], [ 717500.0, 3169500.0 ], [ 718000.0, 3169500.0 ], [ 718000.0, 3169000.0 ], [ 717500.0, 3169000.0 ] ] ] } },
{ "type": "Feature", "properties": { "cell_id": 365, "total_buildings": 98, "buildings_within_400m": 98, "accessibility_pct": 100.0, "avg_distance_m": 109.3, "ndvi_mean": 0.18801711425781251, "ndvi_min": 0.013239875435829163, "ndvi_max": 0.40872663259506226, "ndvi_std": 0.077429897266170986 }, "geometry": { "type": "Polygon", "coordinates": [ [ [ 717500.0, 3169500.0 ], [ 717500.0, 3170000.0 ], [ 718000.0, 3170000.0 ], [ 718000.0, 3169500.0 ], [ 717500.0, 3169500.0 ] ] ] } },
{ "type": "Feature", "properties": { "cell_id": 366, "total_buildings": 58, "buildings_within_400m": 58, "accessibility_pct": 100.0, "avg_distance_m": 175.0, "ndvi_mean": 0.13336981201171874, "ndvi_min": -0.0061693773604929447, "ndvi_max": 0.35257172584533691, "ndvi_std": 0.06798431641397909 }, "geometry": { "type": "Polygon", "coordinates": [ [ [ 717500.0, 3170000.0 ], [ 717500.0, 3170500.0 ], [ 718000.0, 3170500.0 ], [ 718000.0, 3170000.0 ], [ 717500.0, 3170000.0 ] ] ] } },
{ "type": "Feature", "properties": { "cell_id": 367, "total_buildings": 92, "buildings_within_400m": 81, "accessibility_pct": 88.0, "avg_distance_m": 271.6, "ndvi_mean": 0.054796234130859378, "ndvi_min": -0.016541352495551109, "ndvi_max": 0.23003575205802917, "ndvi_std": 0.034618415187277062 }, "geometry": { "type": "Polygon", "coordinates": [ [ [ 717500.0, 3170500.0 ], [ 717500.0, 3171000.0 ], [ 718000.0, 3171000.0 ], [ 718000.0, 3170500.0 ], [ 717500.0, 3170500.0 ] ] ] } },
{ "type": "Feature", "properties": { "cell_id": 368, "total_buildings": 34, "buildings_within_400m": 0, "accessibility_pct": 0.0, "avg_distance_m": 589.5, "ndvi_mean": 0.026345837651466836, "ndvi_min": -0.0089649548754096031, "ndvi_max": 0.22670374810695648, "ndvi_std": 0.030415874536553231 }, "geometry": { "type": "Polygon", "coordinates": [ [ [ 717500.0, 3171000.0 ], [ 717500.0, 3171500.0 ], [ 718000.0, 3171500.0 ], [ 718000.0, 3171000.0 ], [ 717500.0, 3171000.0 ] ] ] } },
{ "type": "Feature", "properties": { "cell_id": 369, "total_buildings": 93, "buildings_within_400m": 93, "accessibility_pct": 100.0, "avg_distance_m": 128.2, "ndvi_mean": 0.19225583446269132, "ndvi_min": 0.0, "ndvi_max": 0.44707250595092773, "ndvi_std": 0.12085643348677871 }, "geometry": { "type": "Polygon", "coordinates": [ [ [ 718000.0, 3160000.0 ], [ 718000.0, 3160500.0 ], [ 718500.0, 3160500.0 ], [ 718500.0, 3160000.0 ], [ 718000.0, 3160000.0 ] ] ] } },
{ "type": "Feature", "properties": { "cell_id": 370, "total_buildings": 120, "buildings_within_400m": 120, "accessibility_pct": 100.0, "avg_distance_m": 86.3, "ndvi_mean": 0.17100115966796875, "ndvi_min": 0.0088119115680456161, "ndvi_max": 0.39024388790130615, "ndvi_std": 0.078846648801054436 }, "geometry": { "type": "Polygon", "coordinates": [ [ [ 718000.0, 3160500.0 ], [ 718000.0, 3161000.0 ], [ 718500.0, 3161000.0 ], [ 718500.0, 3160500.0 ], [ 718000.0, 3160500.0 ] ] ] } },
{ "type": "Feature", "properties": { "cell_id": 371, "total_buildings": 81, "buildings_within_400m": 81, "accessibility_pct": 100.0, "avg_distance_m": 73.7, "ndvi_mean": 0.18506437988281249, "ndvi_min": 0.012866700999438763, "ndvi_max": 0.3964272141456604, "ndvi_std": 0.079481785561216961 }, "geometry": { "type": "Polygon", "coordinates": [ [ [ 718000.0, 3161000.0 ], [ 718000.0, 3161500.0 ], [ 718500.0, 3161500.0 ], [ 718500.0, 3161000.0 ], [ 718000.0, 3161000.0 ] ] ] } },
{ "type": "Feature", "properties": { "cell_id": 372, "total_buildings": 132, "buildings_within_400m": 132, "accessibility_pct": 100.0, "avg_distance_m": 141.5, "ndvi_mean": 0.1997322509765625, "ndvi_min": 0.022303139790892601, "ndvi_max": 0.41003671288490295, "ndvi_std": 0.081564113857202192 }, "geometry": { "type": "Polygon", "coordinates": [ [ [ 718000.0, 3161500.0 ], [ 718000.0, 3162000.0 ], [ 718500.0, 3162000.0 ], [ 718500.0, 3161500.0 ], [ 718000.0, 3161500.0 ] ] ] } },
{ "type": "Feature", "properties": { "cell_id": 373, "total_buildings": 187, "buildings_within_400m": 187, "accessibility_pct": 100.0, "avg_distance_m": 41.6, "ndvi_mean": 0.173623583984375, "ndvi_min": 0.034997668117284775, "ndvi_max": 0.38863769173622131, "ndvi_std": 0.082005121529212438 }, "geometry": { "type": "Polygon", "coordinates": [ [ [ 718000.0, 3162000.0 ], [ 718000.0, 3162500.0 ], [ 718500.0, 3162500.0 ], [ 718500.0, 3162000.0 ], [ 718000.0, 3162000.0 ] ] ] } },
{ "type": "Feature", "properties": { "cell_id": 374, "total_buildings": 153, "buildings_within_400m": 153, "accessibility_pct": 100.0, "avg_distance_m": 52.9, "ndvi_mean": 0.177783349609375, "ndvi_min": 0.025785040110349655, "ndvi_max": 0.40999624133110046, "ndvi_std": 0.086094129767688155 }, "geometry": { "type": "Polygon", "coordinates": [ [ [ 718000.0, 3162500.0 ], [ 718000.0, 3163000.0 ], [ 718500.0, 3163000.0 ], [ 718500.0, 3162500.0 ], [ 718000.0, 3162500.0 ] ] ] } },
{ "type": "Feature", "properties": { "cell_id": 375, "total_buildings": 129, "buildings_within_400m": 129, "accessibility_pct": 100.0, "avg_distance_m": 89.2, "ndvi_mean": 0.16486518554687499, "ndvi_min": 0.016822429373860359, "ndvi_max": 0.4054257869720459, "ndvi_std": 0.080143407394773825 }, "geometry": { "type": "Polygon", "coordinates": [ [ [ 718000.0, 3163000.0 ], [ 718000.0, 3163500.0 ], [ 718500.0, 3163500.0 ], [ 718500.0, 3163000.0 ], [ 718000.0, 3163000.0 ] ] ] } },
{ "type": "Feature", "properties": { "cell_id": 376, "total_buildings": 38, "buildings_within_400m": 38, "accessibility_pct": 100.0, "avg_distance_m": 119.5, "ndvi_mean": 0.16182808837890625, "ndvi_min": 0.013953488320112228, "ndvi_max": 0.38349923491477966, "ndvi_std": 0.085849400430869069 }, "geometry": { "type": "Polygon", "coordinates": [ [ [ 718000.0, 3163500.0 ], [ 718000.0, 3164000.0 ], [ 718500.0, 3164000.0 ], [ 718500.0, 3163500.0 ], [ 718000.0, 3163500.0 ] ] ] } },
{ "type": "Feature", "properties": { "cell_id": 377, "total_buildings": 48, "buildings_within_400m": 48, "accessibility_pct": 100.0, "avg_distance_m": 90.1, "ndvi_mean": 0.20612949218750001, "ndvi_min": 0.01290877815335989, "ndvi_max": 0.43636688590049744, "ndvi_std": 0.078968875050765941 }, "geometry": { "type": "Polygon", "coordinates": [ [ [ 718000.0, 3164000.0 ], [ 718000.0, 3164500.0 ], [ 718500.0, 3164500.0 ], [ 718500.0, 3164000.0 ], [ 718000.0, 3164000.0 ] ] ] } },
{ "type": "Feature", "properties": { "cell_id": 378, "total_buildings": 101, "buildings_within_400m": 101, "accessibility_pct": 100.0, "avg_distance_m": 118.6, "ndvi_mean": 0.21239628906249999, "ndvi_min": 0.013907581567764282, "ndvi_max": 0.54121756553649902, "ndvi_std": 0.086671613365769354 }, "geometry": { "type": "Polygon", "coordinates": [ [ [ 718000.0, 3164500.0 ], [ 718000.0, 3165000.0 ], [ 718500.0, 3165000.0 ], [ 718500.0, 3164500.0 ], [ 718000.0, 3164500.0 ] ] ] } },
{ "type": "Feature", "properties": { "cell_id": 379, "total_buildings": 102, "buildings_within_400m": 102, "accessibility_pct": 100.0, "avg_distance_m": 51.1, "ndvi_mean": 0.30858562011718749, "ndvi_min": 0.069224350154399872, "ndvi_max": 0.58959627151489258, "ndvi_std": 0.12070941730851141 }, "geometry": { "type": "Polygon", "coordinates": [ [ [ 718000.0, 3165000.0 ], [ 718000.0, 3165500.0 ], [ 718500.0, 3165500.0 ], [ 718500.0, 3165000.0 ], [ 718000.0, 3165000.0 ] ] ] } },
{ "type": "Feature", "properties": { "cell_id": 380, "total_buildings": 69, "buildings_within_400m": 69, "accessibility_pct": 100.0, "avg_distance_m": 60.5, "ndvi_mean": 0.32100615234375002, "ndvi_min": 0.043568897992372513, "ndvi_max": 0.5857539176940918, "ndvi_std": 0.13038145942662591 }, "geometry": { "type": "Polygon", "coordinates": [ [ [ 718000.0, 3165500.0 ], [ 718000.0, 3166000.0 ], [ 718500.0, 3166000.0 ], [ 718500.0, 3165500.0 ], [ 718000.0, 3165500.0 ] ] ] } },
{ "type": "Feature", "properties": { "cell_id": 381, "total_buildings": 161, "buildings_within_400m": 161, "accessibility_pct": 100.0, "avg_distance_m": 191.6, "ndvi_mean": 0.25619868164062498, "ndvi_min": 0.038553770631551743, "ndvi_max": 0.54355829954147339, "ndvi_std": 0.080243113396719662 }, "geometry": { "type": "Polygon", "coordinates": [ [ [ 718000.0, 3166000.0 ], [ 718000.0, 3166500.0 ], [ 718500.0, 3166500.0 ], [ 718500.0, 3166000.0 ], [ 718000.0, 3166000.0 ] ] ] } },
{ "type": "Feature", "properties": { "cell_id": 382, "total_buildings": 76, "buildings_within_400m": 76, "accessibility_pct": 100.0, "avg_distance_m": 152.3, "ndvi_mean": 0.2317632080078125, "ndvi_min": 0.033381711691617966, "ndvi_max": 0.40970301628112793, "ndvi_std": 0.078469555506550395 }, "geometry": { "type": "Polygon", "coordinates": [ [ [ 718000.0, 3166500.0 ], [ 718000.0, 3167000.0 ], [ 718500.0, 3167000.0 ], [ 718500.0, 3166500.0 ], [ 718000.0, 3166500.0 ] ] ] } },
{ "type": "Feature", "properties": { "cell_id": 383, "total_buildings": 2, "buildings_within_400m": 2, "accessibility_pct": 100.0, "avg_distance_m": 0.0, "ndvi_mean": 0.2504765625, "ndvi_min": 0.041948579251766205, "ndvi_max": 0.491190105676651, "ndvi_std": 0.096010150831282351 }, "geometry": { "type": "Polygon", "coordinates": [ [ [ 718000.0, 3167000.0 ], [ 718000.0, 3167500.0 ], [ 718500.0, 3167500.0 ], [ 718500.0, 3167000.0 ], [ 718000.0, 3167000.0 ] ] ] } },
{ "type": "Feature", "properties": { "cell_id": 385, "total_buildings": 40, "buildings_within_400m": 40, "accessibility_pct": 100.0, "avg_distance_m": 144.4, "ndvi_mean": 0.23864255371093751, "ndvi_min": 0.026198714971542358, "ndvi_max": 0.45107793807983398, "ndvi_std": 0.079335732868732842 }, "geometry": { "type": "Polygon", "coordinates": [ [ [ 718000.0, 3168000.0 ], [ 718000.0, 3168500.0 ], [ 718500.0, 3168500.0 ], [ 718500.0, 3168000.0 ], [ 718000.0, 3168000.0 ] ] ] } },
{ "type": "Feature", "properties": { "cell_id": 386, "total_buildings": 107, "buildings_within_400m": 107, "accessibility_pct": 100.0, "avg_distance_m": 129.7, "ndvi_mean": 0.19999291992187501, "ndvi_min": 0.048260383307933807, "ndvi_max": 0.4268336296081543, "ndvi_std": 0.075737203767395386 }, "geometry": { "type": "Polygon", "coordinates": [ [ [ 718000.0, 3168500.0 ], [ 718000.0, 3169000.0 ], [ 718500.0, 3169000.0 ], [ 718500.0, 3168500.0 ], [ 718000.0, 3168500.0 ] ] ] } },
{ "type": "Feature", "properties": { "cell_id": 387, "total_buildings": 104, "buildings_within_400m": 104, "accessibility_pct": 100.0, "avg_distance_m": 154.9, "ndvi_mean": 0.16291258544921874, "ndvi_min": 0.020477334037423134, "ndvi_max": 0.37928491830825806, "ndvi_std": 0.070461644038603014 }, "geometry": { "type": "Polygon", "coordinates": [ [ [ 718000.0, 3169000.0 ], [ 718000.0, 3169500.0 ], [ 718500.0, 3169500.0 ], [ 718500.0, 3169000.0 ], [ 718000.0, 3169000.0 ] ] ] } },
{ "type": "Feature", "properties": { "cell_id": 388, "total_buildings": 129, "buildings_within_400m": 114, "accessibility_pct": 88.4, "avg_distance_m": 245.9, "ndvi_mean": 0.16477885742187501, "ndvi_min": 0.034516286104917526, "ndvi_max": 0.35547012090682983, "ndvi_std": 0.06869987258859192 }, "geometry": { "type": "Polygon", "coordinates": [ [ [ 718000.0, 3169500.0 ], [ 718000.0, 3170000.0 ], [ 718500.0, 3170000.0 ], [ 718500.0, 3169500.0 ], [ 718000.0, 3169500.0 ] ] ] } },
{ "type": "Feature", "properties": { "cell_id": 389, "total_buildings": 76, "buildings_within_400m": 14, "accessibility_pct": 18.4, "avg_distance_m": 503.3, "ndvi_mean": 0.12513608398437501, "ndvi_min": -0.014698909595608711, "ndvi_max": 0.36021926999092102, "ndvi_std": 0.077845800822282415 }, "geometry": { "type": "Polygon", "coordinates": [ [ [ 718000.0, 3170000.0 ], [ 718000.0, 3170500.0 ], [ 718500.0, 3170500.0 ], [ 718500.0, 3170000.0 ], [ 718000.0, 3170000.0 ] ] ] } },
{ "type": "Feature", "properties": { "cell_id": 390, "total_buildings": 19, "buildings_within_400m": 6, "accessibility_pct": 31.6, "avg_distance_m": 468.8, "ndvi_mean": 0.03476865539550781, "ndvi_min": -0.019248396158218384, "ndvi_max": 0.22943723201751709, "ndvi_std": 0.021594506730324998 }, "geometry": { "type": "Polygon", "coordinates": [ [ [ 718000.0, 3170500.0 ], [ 718000.0, 3171000.0 ], [ 718500.0, 3171000.0 ], [ 718500.0, 3170500.0 ], [ 718000.0, 3170500.0 ] ] ] } },
{ "type": "Feature", "properties": { "cell_id": 391, "total_buildings": 13, "buildings_within_400m": 12, "accessibility_pct": 92.3, "avg_distance_m": 186.1, "ndvi_mean": 0.028367085359534437, "ndvi_min": -0.019934281706809998, "ndvi_max": 0.29067394137382507, "ndvi_std": 0.040410300920373218 }, "geometry": { "type": "Polygon", "coordinates": [ [ [ 718000.0, 3171000.0 ], [ 718000.0, 3171500.0 ], [ 718500.0, 3171500.0 ], [ 718500.0, 3171000.0 ], [ 718000.0, 3171000.0 ] ] ] } },
{ "type": "Feature", "properties": { "cell_id": 392, "total_buildings": 70, "buildings_within_400m": 70, "accessibility_pct": 100.0, "avg_distance_m": 78.5, "ndvi_mean": 0.10389531349649235, "ndvi_min": -0.0031088083051145077, "ndvi_max": 0.35561054944992065, "ndvi_std": 0.066391404300946921 }, "geometry": { "type": "Polygon", "coordinates": [ [ [ 718500.0, 3160000.0 ], [ 718500.0, 3160500.0 ], [ 719000.0, 3160500.0 ], [ 719000.0, 3160000.0 ], [ 718500.0, 3160000.0 ] ] ] } },
{ "type": "Feature", "properties": { "cell_id": 393, "total_buildings": 70, "buildings_within_400m": 70, "accessibility_pct": 100.0, "avg_distance_m": 124.3, "ndvi_mean": 0.15174084472656249, "ndvi_min": -0.005615550559014082, "ndvi_max": 0.38775509595870972, "ndvi_std": 0.095550231627862053 }, "geometry": { "type": "Polygon", "coordinates": [ [ [ 718500.0, 3160500.0 ], [ 718500.0, 3161000.0 ], [ 719000.0, 3161000.0 ], [ 719000.0, 3160500.0 ], [ 718500.0, 3160500.0 ] ] ] } },
{ "type": "Feature", "properties": { "cell_id": 394, "total_buildings": 46, "buildings_within_400m": 46, "accessibility_pct": 100.0, "avg_distance_m": 60.4, "ndvi_mean": 0.21023701171875001, "ndvi_min": -0.072153322398662567, "ndvi_max": 0.47852760553359985, "ndvi_std": 0.093193122244478149 }, "geometry": { "type": "Polygon", "coordinates": [ [ [ 718500.0, 3161000.0 ], [ 718500.0, 3161500.0 ], [ 719000.0, 3161500.0 ], [ 719000.0, 3161000.0 ], [ 718500.0, 3161000.0 ] ] ] } },
{ "type": "Feature", "properties": { "cell_id": 395, "total_buildings": 95, "buildings_within_400m": 95, "accessibility_pct": 100.0, "avg_distance_m": 56.8, "ndvi_mean": 0.15343455810546874, "ndvi_min": 0.0081770084798336029, "ndvi_max": 0.38227945566177368, "ndvi_std": 0.081187976967999106 }, "geometry": { "type": "Polygon", "coordinates": [ [ [ 718500.0, 3161500.0 ], [ 718500.0, 3162000.0 ], [ 719000.0, 3162000.0 ], [ 719000.0, 3161500.0 ], [ 718500.0, 3161500.0 ] ] ] } },
{ "type": "Feature", "properties": { "cell_id": 396, "total_buildings": 162, "buildings_within_400m": 162, "accessibility_pct": 100.0, "avg_distance_m": 76.0, "ndvi_mean": 0.14507022705078124, "ndvi_min": 0.021454993635416031, "ndvi_max": 0.39230009913444519, "ndvi_std": 0.079155975252784741 }, "geometry": { "type": "Polygon", "coordinates": [ [ [ 718500.0, 3162000.0 ], [ 718500.0, 3162500.0 ], [ 719000.0, 3162500.0 ], [ 719000.0, 3162000.0 ], [ 718500.0, 3162000.0 ] ] ] } },
{ "type": "Feature", "properties": { "cell_id": 397, "total_buildings": 165, "buildings_within_400m": 165, "accessibility_pct": 100.0, "avg_distance_m": 46.5, "ndvi_mean": 0.1549650390625, "ndvi_min": 0.0080862529575824738, "ndvi_max": 0.39190521836280823, "ndvi_std": 0.088249647397984021 }, "geometry": { "type": "Polygon", "coordinates": [ [ [ 718500.0, 3162500.0 ], [ 718500.0, 3163000.0 ], [ 719000.0, 3163000.0 ], [ 719000.0, 3162500.0 ], [ 718500.0, 3162500.0 ] ] ] } },
{ "type": "Feature", "properties": { "cell_id": 398, "total_buildings": 129, "buildings_within_400m": 129, "accessibility_pct": 100.0, "avg_distance_m": 59.5, "ndvi_mean": 0.18071226806640625, "ndvi_min": 0.012896174564957619, "ndvi_max": 0.44002825021743774, "ndvi_std": 0.088078940720094492 }, "geometry": { "type": "Polygon", "coordinates": [ [ [ 718500.0, 3163000.0 ], [ 718500.0, 3163500.0 ], [ 719000.0, 3163500.0 ], [ 719000.0, 3163000.0 ], [ 718500.0, 3163000.0 ] ] ] } },
{ "type": "Feature", "properties": { "cell_id": 399, "total_buildings": 25, "buildings_within_400m": 25, "accessibility_pct": 100.0, "avg_distance_m": 115.2, "ndvi_mean": 0.19939359130859374, "ndvi_min": 0.0022205773275345564, "ndvi_max": 0.43373125791549683, "ndvi_std": 0.1149992712041327 }, "geometry": { "type": "Polygon", "coordinates": [ [ [ 718500.0, 3163500.0 ], [ 718500.0, 3164000.0 ], [ 719000.0, 3164000.0 ], [ 719000.0, 3163500.0 ], [ 718500.0, 3163500.0 ] ] ] } },
{ "type": "Feature", "properties": { "cell_id": 400, "total_buildings": 47, "buildings_within_400m": 41, "accessibility_pct": 87.2, "avg_distance_m": 310.8, "ndvi_mean": 0.15952333984375, "ndvi_min": 0.0080645158886909485, "ndvi_max": 0.39652556180953979, "ndvi_std": 0.092111294577839176 }, "geometry": { "type": "Polygon", "coordinates": [ [ [ 718500.0, 3164000.0 ], [ 718500.0, 3164500.0 ], [ 719000.0, 3164500.0 ], [ 719000.0, 3164000.0 ], [ 718500.0, 3164000.0 ] ] ] } },
{ "type": "Feature", "properties": { "cell_id": 401, "total_buildings": 62, "buildings_within_400m": 40, "accessibility_pct": 64.5, "avg_distance_m": 355.9, "ndvi_mean": 0.20158770751953126, "ndvi_min": -0.0070921983569860458, "ndvi_max": 0.52626490592956543, "ndvi_std": 0.11861120355980159 }, "geometry": { "type": "Polygon", "coordinates": [ [ [ 718500.0, 3164500.0 ], [ 718500.0, 3165000.0 ], [ 719000.0, 3165000.0 ], [ 719000.0, 3164500.0 ], [ 718500.0, 3164500.0 ] ] ] } },
{ "type": "Feature", "properties": { "cell_id": 402, "total_buildings": 1, "buildings_within_400m": 0, "accessibility_pct": 0.0, "avg_distance_m": 437.3, "ndvi_mean": 0.44066171875, "ndvi_min": 0.059232104569673538, "ndvi_max": 0.59565532207489014, "ndvi_std": 0.081214575082519322 }, "geometry": { "type": "Polygon", "coordinates": [ [ [ 718500.0, 3165000.0 ], [ 718500.0, 3165500.0 ], [ 719000.0, 3165500.0 ], [ 719000.0, 3165000.0 ], [ 718500.0, 3165000.0 ] ] ] } },
{ "type": "Feature", "properties": { "cell_id": 403, "total_buildings": 41, "buildings_within_400m": 41, "accessibility_pct": 100.0, "avg_distance_m": 74.2, "ndvi_mean": 0.38288979492187503, "ndvi_min": 0.059226628392934799, "ndvi_max": 0.58463811874389648, "ndvi_std": 0.11906960510895312 }, "geometry": { "type": "Polygon", "coordinates": [ [ [ 718500.0, 3165500.0 ], [ 718500.0, 3166000.0 ], [ 719000.0, 3166000.0 ], [ 719000.0, 3165500.0 ], [ 718500.0, 3165500.0 ] ] ] } },
{ "type": "Feature", "properties": { "cell_id": 404, "total_buildings": 104, "buildings_within_400m": 104, "accessibility_pct": 100.0, "avg_distance_m": 73.1, "ndvi_mean": 0.28305441894531252, "ndvi_min": 0.0505681112408638, "ndvi_max": 0.54293584823608398, "ndvi_std": 0.091152417888855752 }, "geometry": { "type": "Polygon", "coordinates": [ [ [ 718500.0, 3166000.0 ], [ 718500.0, 3166500.0 ], [ 719000.0, 3166500.0 ], [ 719000.0, 3166000.0 ], [ 718500.0, 3166000.0 ] ] ] } },
{ "type": "Feature", "properties": { "cell_id": 405, "total_buildings": 101, "buildings_within_400m": 101, "accessibility_pct": 100.0, "avg_distance_m": 113.8, "ndvi_mean": 0.22022495117187499, "ndvi_min": 0.0055531822144985199, "ndvi_max": 0.460317462682724, "ndvi_std": 0.088844344717068202 }, "geometry": { "type": "Polygon", "coordinates": [ [ [ 718500.0, 3166500.0 ], [ 718500.0, 3167000.0 ], [ 719000.0, 3167000.0 ], [ 719000.0, 3166500.0 ], [ 718500.0, 3166500.0 ] ] ] } },
{ "type": "Feature", "properties": { "cell_id": 406, "total_buildings": 17, "buildings_within_400m": 17, "accessibility_pct": 100.0, "avg_distance_m": 158.2, "ndvi_mean": 0.209105322265625, "ndvi_min": 0.033820841461420059, "ndvi_max": 0.45454546809196472, "ndvi_std": 0.090087355392710081 }, "geometry": { "type": "Polygon", "coordinates": [ [ [ 718500.0, 3167000.0 ], [ 718500.0, 3167500.0 ], [ 719000.0, 3167500.0 ], [ 719000.0, 3167000.0 ], [ 718500.0, 3167000.0 ] ] ] } },
{ "type": "Feature", "properties": { "cell_id": 408, "total_buildings": 24, "buildings_within_400m": 24, "accessibility_pct": 100.0, "avg_distance_m": 169.1, "ndvi_mean": 0.23775324707031251, "ndvi_min": 0.026544021442532539, "ndvi_max": 0.50653880834579468, "ndvi_std": 0.092568818428085731 }, "geometry": { "type": "Polygon", "coordinates": [ [ [ 718500.0, 3168000.0 ], [ 718500.0, 3168500.0 ], [ 719000.0, 3168500.0 ], [ 719000.0, 3168000.0 ], [ 718500.0, 3168000.0 ] ] ] } },
{ "type": "Feature", "properties": { "cell_id": 409, "total_buildings": 89, "buildings_within_400m": 89, "accessibility_pct": 100.0, "avg_distance_m": 93.4, "ndvi_mean": 0.18870385742187501, "ndvi_min": 0.017745302990078926, "ndvi_max": 0.39561218023300171, "ndvi_std": 0.080188991978009119 }, "geometry": { "type": "Polygon", "coordinates": [ [ [ 718500.0, 3168500.0 ], [ 718500.0, 3169000.0 ], [ 719000.0, 3169000.0 ], [ 719000.0, 3168500.0 ], [ 718500.0, 3168500.0 ] ] ] } },
{ "type": "Feature", "properties": { "cell_id": 410, "total_buildings": 110, "buildings_within_400m": 80, "accessibility_pct": 72.7, "avg_distance_m": 345.7, "ndvi_mean": 0.20285115966796874, "ndvi_min": 0.022731764242053032, "ndvi_max": 0.39853495359420776, "ndvi_std": 0.0699715647164348 }, "geometry": { "type": "Polygon", "coordinates": [ [ [ 718500.0, 3169000.0 ], [ 718500.0, 3169500.0 ], [ 719000.0, 3169500.0 ], [ 719000.0, 3169000.0 ], [ 718500.0, 3169000.0 ] ] ] } },
{ "type": "Feature", "properties": { "cell_id": 411, "total_buildings": 114, "buildings_within_400m": 69, "accessibility_pct": 60.5, "avg_distance_m": 356.0, "ndvi_mean": 0.18387077636718749, "ndvi_min": 0.03165542334318161, "ndvi_max": 0.40643465518951416, "ndvi_std": 0.068273140792188991 }, "geometry": { "type": "Polygon", "coordinates": [ [ [ 718500.0, 3169500.0 ], [ 718500.0, 3170000.0 ], [ 719000.0, 3170000.0 ], [ 719000.0, 3169500.0 ], [ 718500.0, 3169500.0 ] ] ] } },
{ "type": "Feature", "properties": { "cell_id": 412, "total_buildings": 118, "buildings_within_400m": 65, "accessibility_pct": 55.1, "avg_distance_m": 374.4, "ndvi_mean": 0.079313952636718754, "ndvi_min": -0.032750111073255539, "ndvi_max": 0.38080266118049622, "ndvi_std": 0.068244733385578599 }, "geometry": { "type": "Polygon", "coordinates": [ [ [ 718500.0, 3170000.0 ], [ 718500.0, 3170500.0 ], [ 719000.0, 3170500.0 ], [ 719000.0, 3170000.0 ], [ 718500.0, 3170000.0 ] ] ] } },
{ "type": "Feature", "properties": { "cell_id": 413, "total_buildings": 37, "buildings_within_400m": 33, "accessibility_pct": 89.2, "avg_distance_m": 257.1, "ndvi_mean": 0.046784069824218753, "ndvi_min": -0.022421523928642273, "ndvi_max": 0.28045541048049927, "ndvi_std": 0.033824267398995807 }, "geometry": { "type": "Polygon", "coordinates": [ [ [ 718500.0, 3170500.0 ], [ 718500.0, 3171000.0 ], [ 719000.0, 3171000.0 ], [ 719000.0, 3170500.0 ], [ 718500.0, 3170500.0 ] ] ] } },
{ "type": "Feature", "properties": { "cell_id": 414, "total_buildings": 32, "buildings_within_400m": 32, "accessibility_pct": 100.0, "avg_distance_m": 46.6, "ndvi_mean": 0.082936625577965564, "ndvi_min": -0.0052567729726433754, "ndvi_max": 0.44573789834976196, "ndvi_std": 0.10266245525407793 }, "geometry": { "type": "Polygon", "coordinates": [ [ [ 718500.0, 3171000.0 ], [ 718500.0, 3171500.0 ], [ 719000.0, 3171500.0 ], [ 719000.0, 3171000.0 ], [ 718500.0, 3171000.0 ] ] ] } },
{ "type": "Feature", "properties": { "cell_id": 415, "total_buildings": 67, "buildings_within_400m": 67, "accessibility_pct": 100.0, "avg_distance_m": 81.7, "ndvi_mean": 0.1126841891541773, "ndvi_min": 0.0, "ndvi_max": 0.37837839126586914, "ndvi_std": 0.072757752269697204 }, "geometry": { "type": "Polygon", "coordinates": [ [ [ 719000.0, 3160000.0 ], [ 719000.0, 3160500.0 ], [ 719500.0, 3160500.0 ], [ 719500.0, 3160000.0 ], [ 719000.0, 3160000.0 ] ] ] } },
{ "type": "Feature", "properties": { "cell_id": 416, "total_buildings": 124, "buildings_within_400m": 124, "accessibility_pct": 100.0, "avg_distance_m": 52.1, "ndvi_mean": 0.12574167480468751, "ndvi_min": 0.009324878454208374, "ndvi_max": 0.40580242872238159, "ndvi_std": 0.077311179432687005 }, "geometry": { "type": "Polygon", "coordinates": [ [ [ 719000.0, 3160500.0 ], [ 719000.0, 3161000.0 ], [ 719500.0, 3161000.0 ], [ 719500.0, 3160500.0 ], [ 719000.0, 3160500.0 ] ] ] } },
{ "type": "Feature", "properties": { "cell_id": 417, "total_buildings": 84, "buildings_within_400m": 84, "accessibility_pct": 100.0, "avg_distance_m": 56.5, "ndvi_mean": 0.1967194091796875, "ndvi_min": 0.0074812965467572212, "ndvi_max": 0.43492290377616882, "ndvi_std": 0.09424003788536893 }, "geometry": { "type": "Polygon", "coordinates": [ [ [ 719000.0, 3161000.0 ], [ 719000.0, 3161500.0 ], [ 719500.0, 3161500.0 ], [ 719500.0, 3161000.0 ], [ 719000.0, 3161000.0 ] ] ] } },
{ "type": "Feature", "properties": { "cell_id": 418, "total_buildings": 111, "buildings_within_400m": 111, "accessibility_pct": 100.0, "avg_distance_m": 64.3, "ndvi_mean": 0.14151945800781249, "ndvi_min": 0.015657620504498482, "ndvi_max": 0.41229555010795593, "ndvi_std": 0.086844656215932459 }, "geometry": { "type": "Polygon", "coordinates": [ [ [ 719000.0, 3161500.0 ], [ 719000.0, 3162000.0 ], [ 719500.0, 3162000.0 ], [ 719500.0, 3161500.0 ], [ 719000.0, 3161500.0 ] ] ] } },
{ "type": "Feature", "properties": { "cell_id": 419, "total_buildings": 146, "buildings_within_400m": 146, "accessibility_pct": 100.0, "avg_distance_m": 22.5, "ndvi_mean": 0.13186419677734376, "ndvi_min": 0.0063931806944310665, "ndvi_max": 0.38545149564743042, "ndvi_std": 0.075689497719808693 }, "geometry": { "type": "Polygon", "coordinates": [ [ [ 719000.0, 3162000.0 ], [ 719000.0, 3162500.0 ], [ 719500.0, 3162500.0 ], [ 719500.0, 3162000.0 ], [ 719000.0, 3162000.0 ] ] ] } },
{ "type": "Feature", "properties": { "cell_id": 420, "total_buildings": 228, "buildings_within_400m": 228, "accessibility_pct": 100.0, "avg_distance_m": 37.0, "ndvi_mean": 0.11012011718750001, "ndvi_min": -0.0019011406693607569, "ndvi_max": 0.33373469114303589, "ndvi_std": 0.066329044169085999 }, "geometry": { "type": "Polygon", "coordinates": [ [ [ 719000.0, 3162500.0 ], [ 719000.0, 3163000.0 ], [ 719500.0, 3163000.0 ], [ 719500.0, 3162500.0 ], [ 719000.0, 3162500.0 ] ] ] } },
{ "type": "Feature", "properties": { "cell_id": 421, "total_buildings": 211, "buildings_within_400m": 211, "accessibility_pct": 100.0, "avg_distance_m": 130.8, "ndvi_mean": 0.15537392578125001, "ndvi_min": 0.02031802199780941, "ndvi_max": 0.40689089894294739, "ndvi_std": 0.08407306629208755 }, "geometry": { "type": "Polygon", "coordinates": [ [ [ 719000.0, 3163000.0 ], [ 719000.0, 3163500.0 ], [ 719500.0, 3163500.0 ], [ 719500.0, 3163000.0 ], [ 719000.0, 3163000.0 ] ] ] } },
{ "type": "Feature", "properties": { "cell_id": 422, "total_buildings": 163, "buildings_within_400m": 163, "accessibility_pct": 100.0, "avg_distance_m": 50.8, "ndvi_mean": 0.18368427734375001, "ndvi_min": 0.015666425228118896, "ndvi_max": 0.42542248964309692, "ndvi_std": 0.087659446511921424 }, "geometry": { "type": "Polygon", "coordinates": [ [ [ 719000.0, 3163500.0 ], [ 719000.0, 3164000.0 ], [ 719500.0, 3164000.0 ], [ 719500.0, 3163500.0 ], [ 719000.0, 3163500.0 ] ] ] } },
{ "type": "Feature", "properties": { "cell_id": 423, "total_buildings": 103, "buildings_within_400m": 102, "accessibility_pct": 99.0, "avg_distance_m": 117.6, "ndvi_mean": 0.16642199707031249, "ndvi_min": -0.0068571427837014198, "ndvi_max": 0.42545181512832642, "ndvi_std": 0.10644249083043435 }, "geometry": { "type": "Polygon", "coordinates": [ [ [ 719000.0, 3164000.0 ], [ 719000.0, 3164500.0 ], [ 719500.0, 3164500.0 ], [ 719500.0, 3164000.0 ], [ 719000.0, 3164000.0 ] ] ] } },
{ "type": "Feature", "properties": { "cell_id": 424, "total_buildings": 190, "buildings_within_400m": 190, "accessibility_pct": 100.0, "avg_distance_m": 99.3, "ndvi_mean": 0.1232226318359375, "ndvi_min": 0.011178861372172832, "ndvi_max": 0.35384005308151245, "ndvi_std": 0.076157266596046352 }, "geometry": { "type": "Polygon", "coordinates": [ [ [ 719000.0, 3164500.0 ], [ 719000.0, 3165000.0 ], [ 719500.0, 3165000.0 ], [ 719500.0, 3164500.0 ], [ 719000.0, 3164500.0 ] ] ] } },
{ "type": "Feature", "properties": { "cell_id": 425, "total_buildings": 66, "buildings_within_400m": 66, "accessibility_pct": 100.0, "avg_distance_m": 58.2, "ndvi_mean": 0.22098818359375, "ndvi_min": 0.025352112948894501, "ndvi_max": 0.44020733237266541, "ndvi_std": 0.09145186987374633 }, "geometry": { "type": "Polygon", "coordinates": [ [ [ 719000.0, 3165000.0 ], [ 719000.0, 3165500.0 ], [ 719500.0, 3165500.0 ], [ 719500.0, 3165000.0 ], [ 719000.0, 3165000.0 ] ] ] } },
{ "type": "Feature", "properties": { "cell_id": 426, "total_buildings": 119, "buildings_within_400m": 119, "accessibility_pct": 100.0, "avg_distance_m": 36.4, "ndvi_mean": 0.23854714355468751, "ndvi_min": -0.015524242073297501, "ndvi_max": 0.55026453733444214, "ndvi_std": 0.10234243179815276 }, "geometry": { "type": "Polygon", "coordinates": [ [ [ 719000.0, 3165500.0 ], [ 719000.0, 3166000.0 ], [ 719500.0, 3166000.0 ], [ 719500.0, 3165500.0 ], [ 719000.0, 3165500.0 ] ] ] } },
{ "type": "Feature", "properties": { "cell_id": 427, "total_buildings": 97, "buildings_within_400m": 97, "accessibility_pct": 100.0, "avg_distance_m": 37.4, "ndvi_mean": 0.25175170898437499, "ndvi_min": -0.020885931327939034, "ndvi_max": 0.56589144468307495, "ndvi_std": 0.10081477177056671 }, "geometry": { "type": "Polygon", "coordinates": [ [ [ 719000.0, 3166000.0 ], [ 719000.0, 3166500.0 ], [ 719500.0, 3166500.0 ], [ 719500.0, 3166000.0 ], [ 719000.0, 3166000.0 ] ] ] } },
{ "type": "Feature", "properties": { "cell_id": 428, "total_buildings": 17, "buildings_within_400m": 17, "accessibility_pct": 100.0, "avg_distance_m": 28.5, "ndvi_mean": 0.3054749755859375, "ndvi_min": -0.00032061559613794088, "ndvi_max": 0.54192906618118286, "ndvi_std": 0.11252697380128747 }, "geometry": { "type": "Polygon", "coordinates": [ [ [ 719000.0, 3166500.0 ], [ 719000.0, 3167000.0 ], [ 719500.0, 3167000.0 ], [ 719500.0, 3166500.0 ], [ 719000.0, 3166500.0 ] ] ] } },
{ "type": "Feature", "properties": { "cell_id": 429, "total_buildings": 15, "buildings_within_400m": 15, "accessibility_pct": 100.0, "avg_distance_m": 108.0, "ndvi_mean": 0.1358285400390625, "ndvi_min": -0.017644254490733147, "ndvi_max": 0.42954805493354797, "ndvi_std": 0.10371392563495165 }, "geometry": { "type": "Polygon", "coordinates": [ [ [ 719000.0, 3167000.0 ], [ 719000.0, 3167500.0 ], [ 719500.0, 3167500.0 ], [ 719500.0, 3167000.0 ], [ 719000.0, 3167000.0 ] ] ] } },
{ "type": "Feature", "properties": { "cell_id": 431, "total_buildings": 31, "buildings_within_400m": 31, "accessibility_pct": 100.0, "avg_distance_m": 143.5, "ndvi_mean": 0.16669946289062501, "ndvi_min": -0.036585364490747452, "ndvi_max": 0.44765838980674744, "ndvi_std": 0.088727187352076464 }, "geometry": { "type": "Polygon", "coordinates": [ [ [ 719000.0, 3168000.0 ], [ 719000.0, 3168500.0 ], [ 719500.0, 3168500.0 ], [ 719500.0, 3168000.0 ], [ 719000.0, 3168000.0 ] ] ] } },
{ "type": "Feature", "properties": { "cell_id": 432, "total_buildings": 64, "buildings_within_400m": 41, "accessibility_pct": 64.1, "avg_distance_m": 364.5, "ndvi_mean": 0.15554425048828124, "ndvi_min": 0.01123595517128706, "ndvi_max": 0.42462265491485596, "ndvi_std": 0.076250003875587002 }, "geometry": { "type": "Polygon", "coordinates": [ [ [ 719000.0, 3168500.0 ], [ 719000.0, 3169000.0 ], [ 719500.0, 3169000.0 ], [ 719500.0, 3168500.0 ], [ 719000.0, 3168500.0 ] ] ] } },
{ "type": "Feature", "properties": { "cell_id": 433, "total_buildings": 70, "buildings_within_400m": 52, "accessibility_pct": 74.3, "avg_distance_m": 239.7, "ndvi_mean": 0.2336364990234375, "ndvi_min": 0.028275212273001671, "ndvi_max": 0.45332437753677368, "ndvi_std": 0.10457325207743658 }, "geometry": { "type": "Polygon", "coordinates": [ [ [ 719000.0, 3169000.0 ], [ 719000.0, 3169500.0 ], [ 719500.0, 3169500.0 ], [ 719500.0, 3169000.0 ], [ 719000.0, 3169000.0 ] ] ] } },
{ "type": "Feature", "properties": { "cell_id": 434, "total_buildings": 52, "buildings_within_400m": 52, "accessibility_pct": 100.0, "avg_distance_m": 103.6, "ndvi_mean": 0.23800986328125001, "ndvi_min": 0.046690609306097031, "ndvi_max": 0.44977098703384399, "ndvi_std": 0.088139579384872824 }, "geometry": { "type": "Polygon", "coordinates": [ [ [ 719000.0, 3169500.0 ], [ 719000.0, 3170000.0 ], [ 719500.0, 3170000.0 ], [ 719500.0, 3169500.0 ], [ 719000.0, 3169500.0 ] ] ] } },
{ "type": "Feature", "properties": { "cell_id": 435, "total_buildings": 89, "buildings_within_400m": 89, "accessibility_pct": 100.0, "avg_distance_m": 108.2, "ndvi_mean": 0.14544344482421875, "ndvi_min": -0.010619468986988068, "ndvi_max": 0.39394998550415039, "ndvi_std": 0.084198348895360403 }, "geometry": { "type": "Polygon", "coordinates": [ [ [ 719000.0, 3170000.0 ], [ 719000.0, 3170500.0 ], [ 719500.0, 3170500.0 ], [ 719500.0, 3170000.0 ], [ 719000.0, 3170000.0 ] ] ] } },
{ "type": "Feature", "properties": { "cell_id": 436, "total_buildings": 153, "buildings_within_400m": 153, "accessibility_pct": 100.0, "avg_distance_m": 101.5, "ndvi_mean": 0.098636914062499997, "ndvi_min": -0.0078089111484587193, "ndvi_max": 0.38328754901885986, "ndvi_std": 0.067534848357021712 }, "geometry": { "type": "Polygon", "coordinates": [ [ [ 719000.0, 3170500.0 ], [ 719000.0, 3171000.0 ], [ 719500.0, 3171000.0 ], [ 719500.0, 3170500.0 ], [ 719000.0, 3170500.0 ] ] ] } },
{ "type": "Feature", "properties": { "cell_id": 437, "total_buildings": 43, "buildings_within_400m": 43, "accessibility_pct": 100.0, "avg_distance_m": 67.3, "ndvi_mean": 0.079277169363839287, "ndvi_min": 0.0, "ndvi_max": 0.31980100274085999, "ndvi_std": 0.087412494057696299 }, "geometry": { "type": "Polygon", "coordinates": [ [ [ 719000.0, 3171000.0 ], [ 719000.0, 3171500.0 ], [ 719500.0, 3171500.0 ], [ 719500.0, 3171000.0 ], [ 719000.0, 3171000.0 ] ] ] } },
{ "type": "Feature", "properties": { "cell_id": 438, "total_buildings": 50, "buildings_within_400m": 50, "accessibility_pct": 100.0, "avg_distance_m": 59.1, "ndvi_mean": 0.23487182617187499, "ndvi_min": 0.0, "ndvi_max": 0.45466667413711548, "ndvi_std": 0.11007476916819775 }, "geometry": { "type": "Polygon", "coordinates": [ [ [ 719500.0, 3160000.0 ], [ 719500.0, 3160500.0 ], [ 720000.0, 3160500.0 ], [ 720000.0, 3160000.0 ], [ 719500.0, 3160000.0 ] ] ] } },
{ "type": "Feature", "properties": { "cell_id": 439, "total_buildings": 101, "buildings_within_400m": 101, "accessibility_pct": 100.0, "avg_distance_m": 51.2, "ndvi_mean": 0.1809151611328125, "ndvi_min": 0.014393754303455353, "ndvi_max": 0.45258459448814392, "ndvi_std": 0.091978796251385914 }, "geometry": { "type": "Polygon", "coordinates": [ [ [ 719500.0, 3160500.0 ], [ 719500.0, 3161000.0 ], [ 720000.0, 3161000.0 ], [ 720000.0, 3160500.0 ], [ 719500.0, 3160500.0 ] ] ] } },
{ "type": "Feature", "properties": { "cell_id": 440, "total_buildings": 81, "buildings_within_400m": 81, "accessibility_pct": 100.0, "avg_distance_m": 63.7, "ndvi_mean": 0.14766799316406251, "ndvi_min": -0.057884231209754944, "ndvi_max": 0.43681052327156067, "ndvi_std": 0.086324829134580242 }, "geometry": { "type": "Polygon", "coordinates": [ [ [ 719500.0, 3161000.0 ], [ 719500.0, 3161500.0 ], [ 720000.0, 3161500.0 ], [ 720000.0, 3161000.0 ], [ 719500.0, 3161000.0 ] ] ] } },
{ "type": "Feature", "properties": { "cell_id": 441, "total_buildings": 115, "buildings_within_400m": 115, "accessibility_pct": 100.0, "avg_distance_m": 91.3, "ndvi_mean": 0.11998049316406249, "ndvi_min": -0.0083712032064795494, "ndvi_max": 0.35203477740287781, "ndvi_std": 0.073814345630568462 }, "geometry": { "type": "Polygon", "coordinates": [ [ [ 719500.0, 3161500.0 ], [ 719500.0, 3162000.0 ], [ 720000.0, 3162000.0 ], [ 720000.0, 3161500.0 ], [ 719500.0, 3161500.0 ] ] ] } },
{ "type": "Feature", "properties": { "cell_id": 442, "total_buildings": 137, "buildings_within_400m": 137, "accessibility_pct": 100.0, "avg_distance_m": 35.9, "ndvi_mean": 0.20367222900390625, "ndvi_min": 0.0053763440810143948, "ndvi_max": 0.46056339144706726, "ndvi_std": 0.10662652895319222 }, "geometry": { "type": "Polygon", "coordinates": [ [ [ 719500.0, 3162000.0 ], [ 719500.0, 3162500.0 ], [ 720000.0, 3162500.0 ], [ 720000.0, 3162000.0 ], [ 719500.0, 3162000.0 ] ] ] } },
{ "type": "Feature", "properties": { "cell_id": 443, "total_buildings": 137, "buildings_within_400m": 137, "accessibility_pct": 100.0, "avg_distance_m": 95.2, "ndvi_mean": 0.28217739257812502, "ndvi_min": 0.041328553110361099, "ndvi_max": 0.51771116256713867, "ndvi_std": 0.11603878301461418 }, "geometry": { "type": "Polygon", "coordinates": [ [ [ 719500.0, 3162500.0 ], [ 719500.0, 3163000.0 ], [ 720000.0, 3163000.0 ], [ 720000.0, 3162500.0 ], [ 719500.0, 3162500.0 ] ] ] } },
{ "type": "Feature", "properties": { "cell_id": 444, "total_buildings": 142, "buildings_within_400m": 98, "accessibility_pct": 69.0, "avg_distance_m": 317.2, "ndvi_mean": 0.22876987304687499, "ndvi_min": 0.037168141454458237, "ndvi_max": 0.44413012266159058, "ndvi_std": 0.090799796663751209 }, "geometry": { "type": "Polygon", "coordinates": [ [ [ 719500.0, 3163000.0 ], [ 719500.0, 3163500.0 ], [ 720000.0, 3163500.0 ], [ 720000.0, 3163000.0 ], [ 719500.0, 3163000.0 ] ] ] } },
{ "type": "Feature", "properties": { "cell_id": 445, "total_buildings": 128, "buildings_within_400m": 128, "accessibility_pct": 100.0, "avg_distance_m": 215.7, "ndvi_mean": 0.12274376220703125, "ndvi_min": 0.0060606058686971664, "ndvi_max": 0.3615863025188446, "ndvi_std": 0.076989371064727294 }, "geometry": { "type": "Polygon", "coordinates": [ [ [ 719500.0, 3163500.0 ], [ 719500.0, 3164000.0 ], [ 720000.0, 3164000.0 ], [ 720000.0, 3163500.0 ], [ 719500.0, 3163500.0 ] ] ] } },
{ "type": "Feature", "properties": { "cell_id": 446, "total_buildings": 119, "buildings_within_400m": 119, "accessibility_pct": 100.0, "avg_distance_m": 93.7, "ndvi_mean": 0.19238074951171874, "ndvi_min": -0.030946064740419388, "ndvi_max": 0.48637601733207703, "ndvi_std": 0.10600187392970656 }, "geometry": { "type": "Polygon", "coordinates": [ [ [ 719500.0, 3164000.0 ], [ 719500.0, 3164500.0 ], [ 720000.0, 3164500.0 ], [ 720000.0, 3164000.0 ], [ 719500.0, 3164000.0 ] ] ] } },
{ "type": "Feature", "properties": { "cell_id": 447, "total_buildings": 104, "buildings_within_400m": 104, "accessibility_pct": 100.0, "avg_distance_m": 35.6, "ndvi_mean": 0.26657036132812501, "ndvi_min": 0.028043894097208977, "ndvi_max": 0.50756531953811646, "ndvi_std": 0.090505049903757726 }, "geometry": { "type": "Polygon", "coordinates": [ [ [ 719500.0, 3164500.0 ], [ 719500.0, 3165000.0 ], [ 720000.0, 3165000.0 ], [ 720000.0, 3164500.0 ], [ 719500.0, 3164500.0 ] ] ] } },
{ "type": "Feature", "properties": { "cell_id": 448, "total_buildings": 28, "buildings_within_400m": 28, "accessibility_pct": 100.0, "avg_distance_m": 10.9, "ndvi_mean": 0.33928955078125, "ndvi_min": 0.072047829627990723, "ndvi_max": 0.521095871925354, "ndvi_std": 0.080222252201781558 }, "geometry": { "type": "Polygon", "coordinates": [ [ [ 719500.0, 3165000.0 ], [ 719500.0, 3165500.0 ], [ 720000.0, 3165500.0 ], [ 720000.0, 3165000.0 ], [ 719500.0, 3165000.0 ] ] ] } },
{ "type": "Feature", "properties": { "cell_id": 449, "total_buildings": 44, "buildings_within_400m": 44, "accessibility_pct": 100.0, "avg_distance_m": 98.6, "ndvi_mean": 0.33661413574218751, "ndvi_min": 0.043328747153282166, "ndvi_max": 0.50018817186355591, "ndvi_std": 0.063881943696983245 }, "geometry": { "type": "Polygon", "coordinates": [ [ [ 719500.0, 3165500.0 ], [ 719500.0, 3166000.0 ], [ 720000.0, 3166000.0 ], [ 720000.0, 3165500.0 ], [ 719500.0, 3165500.0 ] ] ] } },
{ "type": "Feature", "properties": { "cell_id": 450, "total_buildings": 33, "buildings_within_400m": 33, "accessibility_pct": 100.0, "avg_distance_m": 226.5, "ndvi_mean": 0.32248847656250001, "ndvi_min": 0.11957484483718872, "ndvi_max": 0.48397308588027954, "ndvi_std": 0.060776302045293724 }, "geometry": { "type": "Polygon", "coordinates": [ [ [ 719500.0, 3166000.0 ], [ 719500.0, 3166500.0 ], [ 720000.0, 3166500.0 ], [ 720000.0, 3166000.0 ], [ 719500.0, 3166000.0 ] ] ] } },
{ "type": "Feature", "properties": { "cell_id": 451, "total_buildings": 43, "buildings_within_400m": 43, "accessibility_pct": 100.0, "avg_distance_m": 135.7, "ndvi_mean": 0.28097846679687499, "ndvi_min": 0.041995842009782791, "ndvi_max": 0.49887755513191223, "ndvi_std": 0.093600357651322769 }, "geometry": { "type": "Polygon", "coordinates": [ [ [ 719500.0, 3166500.0 ], [ 719500.0, 3167000.0 ], [ 720000.0, 3167000.0 ], [ 720000.0, 3166500.0 ], [ 719500.0, 3166500.0 ] ] ] } },
{ "type": "Feature", "properties": { "cell_id": 452, "total_buildings": 11, "buildings_within_400m": 11, "accessibility_pct": 100.0, "avg_distance_m": 81.3, "ndvi_mean": 0.1593392578125, "ndvi_min": -0.0039960038848221302, "ndvi_max": 0.4270462691783905, "ndvi_std": 0.086183352180221023 }, "geometry": { "type": "Polygon", "coordinates": [ [ [ 719500.0, 3167000.0 ], [ 719500.0, 3167500.0 ], [ 720000.0, 3167500.0 ], [ 720000.0, 3167000.0 ], [ 719500.0, 3167000.0 ] ] ] } },
{ "type": "Feature", "properties": { "cell_id": 454, "total_buildings": 22, "buildings_within_400m": 14, "accessibility_pct": 63.6, "avg_distance_m": 406.2, "ndvi_mean": 0.20746840820312501, "ndvi_min": 0.020882513374090195, "ndvi_max": 0.46595129370689392, "ndvi_std": 0.095148657834951869 }, "geometry": { "type": "Polygon", "coordinates": [ [ [ 719500.0, 3168000.0 ], [ 719500.0, 3168500.0 ], [ 720000.0, 3168500.0 ], [ 720000.0, 3168000.0 ], [ 719500.0, 3168000.0 ] ] ] } },
{ "type": "Feature", "properties": { "cell_id": 455, "total_buildings": 35, "buildings_within_400m": 4, "accessibility_pct": 11.4, "avg_distance_m": 509.2, "ndvi_mean": 0.2081453125, "ndvi_min": 0.0062548867426812649, "ndvi_max": 0.48998695611953735, "ndvi_std": 0.089465040013967906 }, "geometry": { "type": "Polygon", "coordinates": [ [ [ 719500.0, 3168500.0 ], [ 719500.0, 3169000.0 ], [ 720000.0, 3169000.0 ], [ 720000.0, 3168500.0 ], [ 719500.0, 3168500.0 ] ] ] } },
{ "type": "Feature", "properties": { "cell_id": 456, "total_buildings": 23, "buildings_within_400m": 17, "accessibility_pct": 73.9, "avg_distance_m": 305.7, "ndvi_mean": 0.17524312744140624, "ndvi_min": -0.0059729646891355515, "ndvi_max": 0.47605633735656738, "ndvi_std": 0.085903176754045338 }, "geometry": { "type": "Polygon", "coordinates": [ [ [ 719500.0, 3169000.0 ], [ 719500.0, 3169500.0 ], [ 720000.0, 3169500.0 ], [ 720000.0, 3169000.0 ], [ 719500.0, 3169000.0 ] ] ] } },
{ "type": "Feature", "properties": { "cell_id": 457, "total_buildings": 45, "buildings_within_400m": 44, "accessibility_pct": 97.8, "avg_distance_m": 192.6, "ndvi_mean": 0.20870932617187499, "ndvi_min": 0.038781162351369858, "ndvi_max": 0.45366021990776062, "ndvi_std": 0.07246074412845116 }, "geometry": { "type": "Polygon", "coordinates": [ [ [ 719500.0, 3169500.0 ], [ 719500.0, 3170000.0 ], [ 720000.0, 3170000.0 ], [ 720000.0, 3169500.0 ], [ 719500.0, 3169500.0 ] ] ] } },
{ "type": "Feature", "properties": { "cell_id": 458, "total_buildings": 13, "buildings_within_400m": 13, "accessibility_pct": 100.0, "avg_distance_m": 14.4, "ndvi_mean": 0.25462397460937503, "ndvi_min": 0.023153252899646759, "ndvi_max": 0.40225785970687866, "ndvi_std": 0.072216604579218177 }, "geometry": { "type": "Polygon", "coordinates": [ [ [ 719500.0, 3170000.0 ], [ 719500.0, 3170500.0 ], [ 720000.0, 3170500.0 ], [ 720000.0, 3170000.0 ], [ 719500.0, 3170000.0 ] ] ] } },
{ "type": "Feature", "properties": { "cell_id": 459, "total_buildings": 6, "buildings_within_400m": 6, "accessibility_pct": 100.0, "avg_distance_m": 3.2, "ndvi_mean": 0.24930644531250001, "ndvi_min": 0.030318735167384148, "ndvi_max": 0.43708205223083496, "ndvi_std": 0.075981776687045019 }, "geometry": { "type": "Polygon", "coordinates": [ [ [ 719500.0, 3170500.0 ], [ 719500.0, 3171000.0 ], [ 720000.0, 3171000.0 ], [ 720000.0, 3170500.0 ], [ 719500.0, 3170500.0 ] ] ] } },
{ "type": "Feature", "properties": { "cell_id": 460, "total_buildings": 1, "buildings_within_400m": 1, "accessibility_pct": 100.0, "avg_distance_m": 0.0, "ndvi_mean": 0.15640078174824618, "ndvi_min": 0.0, "ndvi_max": 0.41853281855583191, "ndvi_std": 0.14281886501708002 }, "geometry": { "type": "Polygon", "coordinates": [ [ [ 719500.0, 3171000.0 ], [ 719500.0, 3171500.0 ], [ 720000.0, 3171500.0 ], [ 720000.0, 3171000.0 ], [ 719500.0, 3171000.0 ] ] ] } },
{ "type": "Feature", "properties": { "cell_id": 461, "total_buildings": 7, "buildings_within_400m": 7, "accessibility_pct": 100.0, "avg_distance_m": 14.6, "ndvi_mean": 0.054721771277771371, "ndvi_min": 0.0, "ndvi_max": 0.43043005466461182, "ndvi_std": 0.10947916280088144 }, "geometry": { "type": "Polygon", "coordinates": [ [ [ 720000.0, 3160000.0 ], [ 720000.0, 3160500.0 ], [ 720500.0, 3160500.0 ], [ 720500.0, 3160000.0 ], [ 720000.0, 3160000.0 ] ] ] } },
{ "type": "Feature", "properties": { "cell_id": 462, "total_buildings": 25, "buildings_within_400m": 25, "accessibility_pct": 100.0, "avg_distance_m": 48.6, "ndvi_mean": 0.021838540836256377, "ndvi_min": 0.0, "ndvi_max": 0.42993047833442688, "ndvi_std": 0.050927631691864442 }, "geometry": { "type": "Polygon", "coordinates": [ [ [ 720000.0, 3160500.0 ], [ 720000.0, 3161000.0 ], [ 720500.0, 3161000.0 ], [ 720500.0, 3160500.0 ], [ 720000.0, 3160500.0 ] ] ] } },
{ "type": "Feature", "properties": { "cell_id": 463, "total_buildings": 24, "buildings_within_400m": 24, "accessibility_pct": 100.0, "avg_distance_m": 100.4, "ndvi_mean": 0.021528172395667251, "ndvi_min": 0.0, "ndvi_max": 0.3341815173625946, "ndvi_std": 0.052793211062301511 }, "geometry": { "type": "Polygon", "coordinates": [ [ [ 720000.0, 3161000.0 ], [ 720000.0, 3161500.0 ], [ 720500.0, 3161500.0 ], [ 720500.0, 3161000.0 ], [ 720000.0, 3161000.0 ] ] ] } },
{ "type": "Feature", "properties": { "cell_id": 464, "total_buildings": 36, "buildings_within_400m": 36, "accessibility_pct": 100.0, "avg_distance_m": 185.1, "ndvi_mean": 0.032098516347456953, "ndvi_min": 0.0, "ndvi_max": 0.37259817123413086, "ndvi_std": 0.069005474433850689 }, "geometry": { "type": "Polygon", "coordinates": [ [ [ 720000.0, 3161500.0 ], [ 720000.0, 3162000.0 ], [ 720500.0, 3162000.0 ], [ 720500.0, 3161500.0 ], [ 720000.0, 3161500.0 ] ] ] } },
{ "type": "Feature", "properties": { "cell_id": 465, "total_buildings": 22, "buildings_within_400m": 22, "accessibility_pct": 100.0, "avg_distance_m": 29.2, "ndvi_mean": 0.058373388173628825, "ndvi_min": 0.0, "ndvi_max": 0.47470051050186157, "ndvi_std": 0.12001611008019557 }, "geometry": { "type": "Polygon", "coordinates": [ [ [ 720000.0, 3162000.0 ], [ 720000.0, 3162500.0 ], [ 720500.0, 3162500.0 ], [ 720500.0, 3162000.0 ], [ 720000.0, 3162000.0 ] ] ] } },
{ "type": "Feature", "properties": { "cell_id": 466, "total_buildings": 10, "buildings_within_400m": 10, "accessibility_pct": 100.0, "avg_distance_m": 160.5, "ndvi_mean": 0.094603458326690051, "ndvi_min": 0.0, "ndvi_max": 0.52746528387069702, "ndvi_std": 0.1725202030862717 }, "geometry": { "type": "Polygon", "coordinates": [ [ [ 720000.0, 3162500.0 ], [ 720000.0, 3163000.0 ], [ 720500.0, 3163000.0 ], [ 720500.0, 3162500.0 ], [ 720000.0, 3162500.0 ] ] ] } },
{ "type": "Feature", "properties": { "cell_id": 467, "total_buildings": 34, "buildings_within_400m": 11, "accessibility_pct": 32.4, "avg_distance_m": 441.8, "ndvi_mean": 0.051744621432557397, "ndvi_min": 0.0, "ndvi_max": 0.42965778708457947, "ndvi_std": 0.10154895430405231 }, "geometry": { "type": "Polygon", "coordinates": [ [ [ 720000.0, 3163000.0 ], [ 720000.0, 3163500.0 ], [ 720500.0, 3163500.0 ], [ 720500.0, 3163000.0 ], [ 720000.0, 3163000.0 ] ] ] } },
{ "type": "Feature", "properties": { "cell_id": 468, "total_buildings": 10, "buildings_within_400m": 10, "accessibility_pct": 100.0, "avg_distance_m": 234.8, "ndvi_mean": 0.020956768113739636, "ndvi_min": 0.0, "ndvi_max": 0.26356756687164307, "ndvi_std": 0.042912243107766652 }, "geometry": { "type": "Polygon", "coordinates": [ [ [ 720000.0, 3163500.0 ], [ 720000.0, 3164000.0 ], [ 720500.0, 3164000.0 ], [ 720500.0, 3163500.0 ], [ 720000.0, 3163500.0 ] ] ] } },
{ "type": "Feature", "properties": { "cell_id": 469, "total_buildings": 8, "buildings_within_400m": 8, "accessibility_pct": 100.0, "avg_distance_m": 46.0, "ndvi_mean": 0.049942577128507651, "ndvi_min": -0.007620660588145256, "ndvi_max": 0.41866666078567505, "ndvi_std": 0.098545431439107045 }, "geometry": { "type": "Polygon", "coordinates": [ [ [ 720000.0, 3164000.0 ], [ 720000.0, 3164500.0 ], [ 720500.0, 3164500.0 ], [ 720500.0, 3164000.0 ], [ 720000.0, 3164000.0 ] ] ] } },
{ "type": "Feature", "properties": { "cell_id": 470, "total_buildings": 7, "buildings_within_400m": 7, "accessibility_pct": 100.0, "avg_distance_m": 41.5, "ndvi_mean": 0.058824026925223212, "ndvi_min": 0.0, "ndvi_max": 0.42691990733146667, "ndvi_std": 0.1130825373547545 }, "geometry": { "type": "Polygon", "coordinates": [ [ [ 720000.0, 3164500.0 ], [ 720000.0, 3165000.0 ], [ 720500.0, 3165000.0 ], [ 720500.0, 3164500.0 ], [ 720000.0, 3164500.0 ] ] ] } },
{ "type": "Feature", "properties": { "cell_id": 472, "total_buildings": 1, "buildings_within_400m": 1, "accessibility_pct": 100.0, "avg_distance_m": 243.5, "ndvi_mean": 0.079162510463169647, "ndvi_min": 0.0, "ndvi_max": 0.53642386198043823, "ndvi_std": 0.14179187175657174 }, "geometry": { "type": "Polygon", "coordinates": [ [ [ 720000.0, 3165500.0 ], [ 720000.0, 3166000.0 ], [ 720500.0, 3166000.0 ], [ 720500.0, 3165500.0 ], [ 720000.0, 3165500.0 ] ] ] } }
]
}
